method,estimation_stage,J,h2,true_eta0,true_lambda,panel_seed,raw_eta0,selected_lambda,selected_L,eta0_finite,eta0_boundary,objective,converged,causal_correlation,achieved_h2,expected_z_1,expected_z_2,fit_seconds
AIW-N,actual_selection,100,2e-04,20,0.001,31,11.0145717758006,0.001,5,TRUE,interior,573.348002100918,TRUE,-0.000190100732077141,2e-04,5.81325708970929,-2.49229794816199,0.372
AIW-N,oracle_lambda_oracle_L,100,2e-04,20,0.001,31,10.9692668772933,0.001,2,TRUE,interior,571.644061459405,TRUE,-0.000190100732077141,2e-04,5.81325708970929,-2.49229794816199,0.372
AIW-N,selected_lambda_oracle_L,100,2e-04,20,0.001,31,15.6926679451186,0.002,2,TRUE,interior,572.192540776623,TRUE,-0.000190100732077141,2e-04,5.81325708970929,-2.49229794816199,0.372
collapsed-R,actual_selection,100,2e-04,20,0.001,31,8.42862456811102,0.002,0,TRUE,interior,569.96743444706,TRUE,-0.000190100732077141,2e-04,5.81325708970929,-2.49229794816199,0.457000000000001
collapsed-R,oracle_lambda,100,2e-04,20,0.001,31,5.42763033144409,0.001,0,TRUE,interior,569.486986473582,TRUE,-0.000190100732077141,2e-04,5.81325708970929,-2.49229794816199,0.457000000000001
AIW-N,actual_selection,100,0.001,20,0.001,31,10.6977241276618,0.002,1,TRUE,interior,495.997498914279,TRUE,-0.000190100732077141,0.001,12.9988380232726,-5.57294763227345,0.277
AIW-N,oracle_lambda_oracle_L,100,0.001,20,0.001,31,10.1053535186722,0.001,2,TRUE,interior,491.197516155172,TRUE,-0.000190100732077141,0.001,12.9988380232726,-5.57294763227345,0.277
AIW-N,selected_lambda_oracle_L,100,0.001,20,0.001,31,13.4613871119263,0.002,2,TRUE,interior,491.774635565096,TRUE,-0.000190100732077141,0.001,12.9988380232726,-5.57294763227345,0.277
collapsed-R,actual_selection,100,0.001,20,0.001,31,5.93869823751659,0.002,0,TRUE,interior,493.664309171301,TRUE,-0.000190100732077141,0.001,12.9988380232726,-5.57294763227345,0.712
collapsed-R,oracle_lambda,100,0.001,20,0.001,31,4.02518363401588,0.001,0,TRUE,interior,493.235798947321,TRUE,-0.000190100732077141,0.001,12.9988380232726,-5.57294763227345,0.712
AIW-N,actual_selection,100,0.005,20,0.001,31,10.426753309333,0.002,1,TRUE,interior,415.734868286434,TRUE,-0.000190100732077141,0.005,29.0662854485465,-12.4614897408099,0.302000000000001
AIW-N,oracle_lambda_oracle_L,100,0.005,20,0.001,31,10.2025048108343,0.001,2,TRUE,interior,410.95379218263,TRUE,-0.000190100732077141,0.005,29.0662854485465,-12.4614897408099,0.302000000000001
AIW-N,selected_lambda_oracle_L,100,0.005,20,0.001,31,13.4164014961437,0.002,2,TRUE,interior,411.520188078256,TRUE,-0.000190100732077141,0.005,29.0662854485465,-12.4614897408099,0.302000000000001
collapsed-R,actual_selection,100,0.005,20,0.001,31,1.36188796475411,0.001,0,TRUE,interior,410.815908451036,TRUE,-0.000190100732077141,0.005,29.0662854485465,-12.4614897408099,0.767999999999999
collapsed-R,oracle_lambda,100,0.005,20,0.001,31,1.36188796475411,0.001,0,TRUE,interior,410.815908451036,TRUE,-0.000190100732077141,0.005,29.0662854485465,-12.4614897408099,0.767999999999999
AIW-N,actual_selection,100,2e-04,50,0.001,31,10.4554508287282,0.001,1,TRUE,interior,576.601460593785,TRUE,2.11521492222183e-07,2e-04,5.81318367153412,2.49136543442334,0.354
AIW-N,oracle_lambda_oracle_L,100,2e-04,50,0.001,31,16.7111905278969,0.001,2,TRUE,interior,574.582934839628,TRUE,2.11521492222183e-07,2e-04,5.81318367153412,2.49136543442334,0.354
AIW-N,selected_lambda_oracle_L,100,2e-04,50,0.001,31,16.7111905278969,0.001,2,TRUE,interior,574.582934839628,TRUE,2.11521492222183e-07,2e-04,5.81318367153412,2.49136543442334,0.354
collapsed-R,actual_selection,100,2e-04,50,0.001,31,8.00184029632387,0.001,0,TRUE,interior,574.25139795464,TRUE,2.11521492222183e-07,2e-04,5.81318367153412,2.49136543442334,0.378000000000002
collapsed-R,oracle_lambda,100,2e-04,50,0.001,31,8.00184029632387,0.001,0,TRUE,interior,574.25139795464,TRUE,2.11521492222183e-07,2e-04,5.81318367153412,2.49136543442334,0.378000000000002
AIW-N,actual_selection,100,0.001,50,0.001,31,14.3739779351877,0.001,1,TRUE,interior,521.096133495827,TRUE,2.11521492222183e-07,0.001,12.9986738552421,5.57086246816387,0.292999999999999
AIW-N,oracle_lambda_oracle_L,100,0.001,50,0.001,31,19.4654178541191,0.001,2,TRUE,interior,518.121852511389,TRUE,2.11521492222183e-07,0.001,12.9986738552421,5.57086246816387,0.292999999999999
AIW-N,selected_lambda_oracle_L,100,0.001,50,0.001,31,19.4654178541191,0.001,2,TRUE,interior,518.121852511389,TRUE,2.11521492222183e-07,0.001,12.9986738552421,5.57086246816387,0.292999999999999
collapsed-R,actual_selection,100,0.001,50,0.001,31,9.43063358560133,0.001,0,TRUE,interior,517.624129188055,TRUE,2.11521492222183e-07,0.001,12.9986738552421,5.57086246816387,1.056
collapsed-R,oracle_lambda,100,0.001,50,0.001,31,9.43063358560133,0.001,0,TRUE,interior,517.624129188055,TRUE,2.11521492222183e-07,0.001,12.9986738552421,5.57086246816387,1.056
AIW-N,actual_selection,100,0.005,50,0.001,31,16.2058857318114,0.001,1,TRUE,interior,449.558936650058,TRUE,2.11521492222183e-07,0.005,29.0659183576706,12.4568271721167,0.267000000000001
AIW-N,oracle_lambda_oracle_L,100,0.005,50,0.001,31,21.0206372414693,0.001,2,TRUE,interior,446.402699884534,TRUE,2.11521492222183e-07,0.005,29.0659183576706,12.4568271721167,0.267000000000001
AIW-N,selected_lambda_oracle_L,100,0.005,50,0.001,31,27.4086333243466,0.002,2,TRUE,interior,446.417402998717,TRUE,2.11521492222183e-07,0.005,29.0659183576706,12.4568271721167,0.267000000000001
collapsed-R,actual_selection,100,0.005,50,0.001,31,2.79363212184227,0.001,0,TRUE,interior,442.722138246378,TRUE,2.11521492222183e-07,0.005,29.0659183576706,12.4568271721167,3.071
collapsed-R,oracle_lambda,100,0.005,50,0.001,31,2.79363212184227,0.001,0,TRUE,interior,442.722138246378,TRUE,2.11521492222183e-07,0.005,29.0659183576706,12.4568271721167,3.071
AIW-N,actual_selection,100,2e-04,100,0.001,31,28.1556961933885,0.001,3,TRUE,interior,607.134964479533,TRUE,0.00014849564303644,2e-04,5.81324100215997,2.49209364258017,0.227
AIW-N,oracle_lambda_oracle_L,100,2e-04,100,0.001,31,28.5542890839675,0.001,2,TRUE,interior,606.733737575792,TRUE,0.00014849564303644,2e-04,5.81324100215997,2.49209364258017,0.227
AIW-N,selected_lambda_oracle_L,100,2e-04,100,0.001,31,47.4241257549609,0.002,2,TRUE,interior,606.823403515343,TRUE,0.00014849564303644,2e-04,5.81324100215997,2.49209364258017,0.227
collapsed-R,actual_selection,100,2e-04,100,0.001,31,45.7864705671025,0.002,1,TRUE,interior,604.899731553434,TRUE,0.00014849564303644,2e-04,5.81324100215997,2.49209364258017,0.389999999999999
collapsed-R,oracle_lambda,100,2e-04,100,0.001,31,25.4910896910389,0.001,1,TRUE,interior,604.514985547038,TRUE,0.00014849564303644,2e-04,5.81324100215997,2.49209364258017,0.389999999999999
AIW-N,actual_selection,100,0.001,100,0.001,31,29.0728088114518,0.001,1,TRUE,interior,548.901931992852,TRUE,0.00014849564303644,0.001,12.9988020504187,5.57249079110433,0.360999999999997
AIW-N,oracle_lambda_oracle_L,100,0.001,100,0.001,31,34.0928111616783,0.001,2,TRUE,interior,544.932330859887,TRUE,0.00014849564303644,0.001,12.9988020504187,5.57249079110433,0.360999999999997
AIW-N,selected_lambda_oracle_L,100,0.001,100,0.001,31,46.5164500299542,0.002,2,TRUE,interior,544.976719762292,TRUE,0.00014849564303644,0.001,12.9988020504187,5.57249079110433,0.360999999999997
collapsed-R,actual_selection,100,0.001,100,0.001,31,25.346684109746,0.001,1,TRUE,interior,547.180825791095,TRUE,0.00014849564303644,0.001,12.9988020504187,5.57249079110433,0.943999999999999
collapsed-R,oracle_lambda,100,0.001,100,0.001,31,25.346684109746,0.001,1,TRUE,interior,547.180825791095,TRUE,0.00014849564303644,0.001,12.9988020504187,5.57249079110433,0.943999999999999
AIW-N,actual_selection,100,0.005,100,0.001,31,29.2369394686666,0.001,1,TRUE,interior,476.129456740745,TRUE,0.00014849564303644,0.005,29.0662050107998,12.4604682129009,0.327999999999999
AIW-N,oracle_lambda_oracle_L,100,0.005,100,0.001,31,34.6474212670506,0.001,2,TRUE,interior,472.419109429878,TRUE,0.00014849564303644,0.005,29.0662050107998,12.4604682129009,0.327999999999999
AIW-N,selected_lambda_oracle_L,100,0.005,100,0.001,31,34.6474212670506,0.001,2,TRUE,interior,472.419109429878,TRUE,0.00014849564303644,0.005,29.0662050107998,12.4604682129009,0.327999999999999
collapsed-R,actual_selection,100,0.005,100,0.001,31,21.9446981517592,0.001,1,TRUE,interior,472.508707078742,TRUE,0.00014849564303644,0.005,29.0662050107998,12.4604682129009,4.322
collapsed-R,oracle_lambda,100,0.005,100,0.001,31,21.9446981517592,0.001,1,TRUE,interior,472.508707078742,TRUE,0.00014849564303644,0.005,29.0662050107998,12.4604682129009,4.322
AIW-N,actual_selection,100,2e-04,200,0.001,31,257.502304308302,0.001,4,TRUE,interior,640.918108605024,TRUE,9.67714325840016e-05,2e-04,5.81322100298661,2.49183963833655,0.245000000000001
AIW-N,oracle_lambda_oracle_L,100,2e-04,200,0.001,31,202.243238518149,0.001,2,TRUE,interior,640.734365351189,TRUE,9.67714325840016e-05,2e-04,5.81322100298661,2.49183963833655,0.245000000000001
AIW-N,selected_lambda_oracle_L,100,2e-04,200,0.001,31,202.243238518149,0.001,2,TRUE,interior,640.734365351189,TRUE,9.67714325840016e-05,2e-04,5.81322100298661,2.49183963833655,0.245000000000001
collapsed-R,actual_selection,100,2e-04,200,0.001,31,180.582201461774,0.001,1,TRUE,interior,638.212503886945,TRUE,9.67714325840016e-05,2e-04,5.81322100298661,2.49183963833655,1.992
collapsed-R,oracle_lambda,100,2e-04,200,0.001,31,180.582201461774,0.001,1,TRUE,interior,638.212503886945,TRUE,9.67714325840016e-05,2e-04,5.81322100298661,2.49183963833655,1.992
AIW-N,actual_selection,100,0.001,200,0.001,31,212.73322153572,0.001,5,TRUE,interior,608.074333988008,TRUE,9.67714325840016e-05,0.001,12.9987573309076,5.57192282034901,0.277999999999999
AIW-N,oracle_lambda_oracle_L,100,0.001,200,0.001,31,156.326111238038,0.001,2,TRUE,interior,606.677561699277,TRUE,9.67714325840016e-05,0.001,12.9987573309076,5.57192282034901,0.277999999999999
AIW-N,selected_lambda_oracle_L,100,0.001,200,0.001,31,156.326111238038,0.001,2,TRUE,interior,606.677561699277,TRUE,9.67714325840016e-05,0.001,12.9987573309076,5.57192282034901,0.277999999999999
collapsed-R,actual_selection,100,0.001,200,0.001,31,122.881632051338,0.001,1,TRUE,interior,605.264939434241,TRUE,9.67714325840016e-05,0.001,12.9987573309076,5.57192282034901,0.761999999999993
collapsed-R,oracle_lambda,100,0.001,200,0.001,31,122.881632051338,0.001,1,TRUE,interior,605.264939434241,TRUE,9.67714325840016e-05,0.001,12.9987573309076,5.57192282034901,0.761999999999993
AIW-N,actual_selection,100,0.005,200,0.001,31,154.657610884659,0.001,2,TRUE,interior,545.185794751667,TRUE,9.67714325840016e-05,0.005,29.066105014933,12.4591981916827,0.436
AIW-N,oracle_lambda_oracle_L,100,0.005,200,0.001,31,154.657610884659,0.001,2,TRUE,interior,545.185794751667,TRUE,9.67714325840016e-05,0.005,29.066105014933,12.4591981916827,0.436
AIW-N,selected_lambda_oracle_L,100,0.005,200,0.001,31,154.657610884659,0.001,2,TRUE,interior,545.185794751667,TRUE,9.67714325840016e-05,0.005,29.066105014933,12.4591981916827,0.436
collapsed-R,actual_selection,100,0.005,200,0.001,31,108.573447562456,0.001,1,TRUE,interior,540.752702955487,TRUE,9.67714325840016e-05,0.005,29.066105014933,12.4591981916827,2.765
collapsed-R,oracle_lambda,100,0.005,200,0.001,31,108.573447562456,0.001,1,TRUE,interior,540.752702955487,TRUE,9.67714325840016e-05,0.005,29.066105014933,12.4591981916827,2.765
AIW-N,actual_selection,100,2e-04,500,0.001,31,97.3066453877752,0.001,4,TRUE,interior,636.849275801013,TRUE,-0.000181743586079802,2e-04,5.81325385816269,-2.49225691008344,0.231999999999999
AIW-N,oracle_lambda_oracle_L,100,2e-04,500,0.001,31,94.3463689900136,0.001,2,TRUE,interior,636.787491575755,TRUE,-0.000181743586079802,2e-04,5.81325385816269,-2.49225691008344,0.231999999999999
AIW-N,selected_lambda_oracle_L,100,2e-04,500,0.001,31,94.3463689900136,0.001,2,TRUE,interior,636.787491575755,TRUE,-0.000181743586079802,2e-04,5.81325385816269,-2.49225691008344,0.231999999999999
collapsed-R,actual_selection,100,2e-04,500,0.001,31,113.856259939673,0.001,1,TRUE,interior,635.128150252334,TRUE,-0.000181743586079802,2e-04,5.81325385816269,-2.49225691008344,3.10500000000001
collapsed-R,oracle_lambda,100,2e-04,500,0.001,31,113.856259939673,0.001,1,TRUE,interior,635.128150252334,TRUE,-0.000181743586079802,2e-04,5.81325385816269,-2.49225691008344,3.10500000000001
AIW-N,actual_selection,100,0.001,500,0.001,31,245.796558613616,0.001,4,TRUE,interior,617.517848497718,TRUE,-0.000181743586079802,0.001,12.9988307973147,-5.57285586834016,0.253
AIW-N,oracle_lambda_oracle_L,100,0.001,500,0.001,31,257.293038720153,0.001,2,TRUE,interior,617.037321378074,TRUE,-0.000181743586079802,0.001,12.9988307973147,-5.57285586834016,0.253
AIW-N,selected_lambda_oracle_L,100,0.001,500,0.001,31,257.293038720153,0.001,2,TRUE,interior,617.037321378074,TRUE,-0.000181743586079802,0.001,12.9988307973147,-5.57285586834016,0.253
collapsed-R,actual_selection,100,0.001,500,0.001,31,204.848260648895,0.001,1,TRUE,interior,615.406038821778,TRUE,-0.000181743586079802,0.001,12.9988307973147,-5.57285586834016,1.879
collapsed-R,oracle_lambda,100,0.001,500,0.001,31,204.848260648895,0.001,1,TRUE,interior,615.406038821778,TRUE,-0.000181743586079802,0.001,12.9988307973147,-5.57285586834016,1.879
AIW-N,actual_selection,100,0.005,500,0.001,31,268.982985287605,0.001,5,TRUE,interior,569.390463175416,TRUE,-0.000181743586079802,0.005,29.0662692908135,-12.4612845504172,0.274999999999999
AIW-N,oracle_lambda_oracle_L,100,0.005,500,0.001,31,268.179990917541,0.001,2,TRUE,interior,568.31296645509,TRUE,-0.000181743586079802,0.005,29.0662692908135,-12.4612845504172,0.274999999999999
AIW-N,selected_lambda_oracle_L,100,0.005,500,0.001,31,268.179990917541,0.001,2,TRUE,interior,568.31296645509,TRUE,-0.000181743586079802,0.005,29.0662692908135,-12.4612845504172,0.274999999999999
collapsed-R,actual_selection,100,0.005,500,0.001,31,192.225565431282,0.001,1,TRUE,interior,562.102334535032,TRUE,-0.000181743586079802,0.005,29.0662692908135,-12.4612845504172,2.45200000000001
collapsed-R,oracle_lambda,100,0.005,500,0.001,31,192.225565431282,0.001,1,TRUE,interior,562.102334535032,TRUE,-0.000181743586079802,0.005,29.0662692908135,-12.4612845504172,2.45200000000001
AIW-N,actual_selection,100,2e-04,1000,0.001,31,96.8677406511722,0.001,4,TRUE,interior,640.184981609881,TRUE,-8.66109680143217e-06,2e-04,5.81318693808219,-2.49140693133147,0.227000000000004
AIW-N,oracle_lambda_oracle_L,100,2e-04,1000,0.001,31,101.598792486989,0.001,2,TRUE,interior,640.049031261667,TRUE,-8.66109680143217e-06,2e-04,5.81318693808219,-2.49140693133147,0.227000000000004
AIW-N,selected_lambda_oracle_L,100,2e-04,1000,0.001,31,101.598792486989,0.001,2,TRUE,interior,640.049031261667,TRUE,-8.66109680143217e-06,2e-04,5.81318693808219,-2.49140693133147,0.227000000000004
collapsed-R,actual_selection,100,2e-04,1000,0.001,31,1e+06,0.002,0,TRUE,interior,638.538250764888,TRUE,-8.66109680143217e-06,2e-04,5.81318693808219,-2.49140693133147,0.38600000000001
collapsed-R,oracle_lambda,100,2e-04,1000,0.001,31,126.927368150446,0.001,0,TRUE,interior,638.215875694089,TRUE,-8.66109680143217e-06,2e-04,5.81318693808219,-2.49140693133147,0.38600000000001
AIW-N,actual_selection,100,0.001,1000,0.001,31,291.96195391352,0.002,5,TRUE,interior,612.569523972553,TRUE,-8.66109680143217e-06,0.001,12.9986811594656,-5.57095525807133,0.253999999999998
AIW-N,oracle_lambda_oracle_L,100,0.001,1000,0.001,31,149.322998090503,0.001,2,TRUE,interior,610.390465161278,TRUE,-8.66109680143217e-06,0.001,12.9986811594656,-5.57095525807133,0.253999999999998
AIW-N,selected_lambda_oracle_L,100,0.001,1000,0.001,31,305.766930595728,0.002,2,TRUE,interior,612.241617012558,TRUE,-8.66109680143217e-06,0.001,12.9986811594656,-5.57095525807133,0.253999999999998
collapsed-R,actual_selection,100,0.001,1000,0.001,31,270.367839351288,0.002,1,TRUE,interior,610.680907219047,TRUE,-8.66109680143217e-06,0.001,12.9986811594656,-5.57095525807133,1.033
collapsed-R,oracle_lambda,100,0.001,1000,0.001,31,134.568410868733,0.001,1,TRUE,interior,609.08010854797,TRUE,-8.66109680143217e-06,0.001,12.9986811594656,-5.57095525807133,1.033
AIW-N,actual_selection,100,0.005,1000,0.001,31,906.731864158163,0.008,5,TRUE,interior,563.179292576736,TRUE,-8.66109680143217e-06,0.005,29.0659346904109,-12.4570346566574,0.302999999999997
AIW-N,oracle_lambda_oracle_L,100,0.005,1000,0.001,31,189.41703159003,0.001,2,TRUE,interior,555.637652004397,TRUE,-8.66109680143217e-06,0.005,29.0659346904109,-12.4570346566574,0.302999999999997
AIW-N,selected_lambda_oracle_L,100,0.005,1000,0.001,31,621.41101594613,0.006,2,TRUE,interior,561.785617067015,TRUE,-8.66109680143217e-06,0.005,29.0659346904109,-12.4570346566574,0.302999999999997
collapsed-R,actual_selection,100,0.005,1000,0.001,31,630.771558741228,0.006,2,TRUE,interior,560.86231116856,TRUE,-8.66109680143217e-06,0.005,29.0659346904109,-12.4570346566574,2.574
collapsed-R,oracle_lambda,100,0.005,1000,0.001,31,144.463149986166,0.001,1,TRUE,interior,552.214981280643,TRUE,-8.66109680143217e-06,0.005,29.0659346904109,-12.4570346566574,2.574
