"estimated_eta0","eta0_used","selected_lambda","reported_L","true_sets","false_sets","causal_power","all_causal_covered","fallback","converged","true_eta0","replication","method","causal_LD","expected_z_stronger","expected_z_weaker"
1.0403195947618,1.0403195947618,0.01,0,0,0,0,FALSE,FALSE,TRUE,25,1,"Null posterior-mean R",0.00179592212138618,11.5129163185448,8.23362584948564
6.057748114175,10.1588435874715,0.004,1,1,0,0.5,FALSE,TRUE,TRUE,25,1,"collapsed-R",0.00179592212138618,11.5129163185448,8.23362584948564
11.8955971348711,16.9393303200565,0.004,1,1,0,0.5,FALSE,TRUE,TRUE,25,1,"AIW-N",0.00179592212138618,11.5129163185448,8.23362584948564
0.929081275291101,0.929081275291101,0.01,0,0,0,0,FALSE,FALSE,TRUE,25,2,"Null posterior-mean R",0.00156339342280745,11.5122706051235,8.23185604780338
7.24384014952724,12.1479199307572,0.006,1,1,0,0.5,FALSE,TRUE,TRUE,25,2,"collapsed-R",0.00156339342280745,11.5122706051235,8.23185604780338
15.3149026419903,21.8084213621942,0.006,1,1,0,0.5,FALSE,TRUE,TRUE,25,2,"AIW-N",0.00156339342280745,11.5122706051235,8.23185604780338
0.748277107368484,0.748277107368484,0.01,0,0,0,0,FALSE,FALSE,TRUE,25,3,"Null posterior-mean R",-0.00383813671928797,11.4972701968845,8.19066267655629
2.18550268581074,3.66508800410461,0.002,1,1,0,0.5,FALSE,TRUE,TRUE,25,3,"collapsed-R",-0.00383813671928797,11.4972701968845,8.19066267655629
6.52861177047236,9.29674316115265,0.004,1,1,0,0.5,FALSE,TRUE,TRUE,25,3,"AIW-N",-0.00383813671928797,11.4972701968845,8.19066267655629
1.24766002358394,1.24766002358394,0.01,0,0,0,0,FALSE,FALSE,TRUE,25,4,"Null posterior-mean R",-1.93837296307851e-05,11.5078752825557,8.21980165800591
11.321336494101,18.9858813006074,0.004,1,1,0,0.5,FALSE,TRUE,TRUE,25,4,"collapsed-R",-1.93837296307851e-05,11.5078752825557,8.21980165800591
12.231471285422,17.4176151104409,0.002,1,1,0,0.5,FALSE,TRUE,TRUE,25,4,"AIW-N",-1.93837296307851e-05,11.5078752825557,8.21980165800591
0.874519643686209,0.874519643686209,0.01,0,0,0,0,FALSE,FALSE,TRUE,25,5,"Null posterior-mean R",0.00108028852874563,11.5109290523202,8.22817815735638
5.88372412753612,9.86700536187808,0.006,1,1,0,0.5,FALSE,TRUE,TRUE,25,5,"collapsed-R",0.00108028852874563,11.5109290523202,8.22817815735638
14.8327940575322,21.1218987379258,0.008,1,1,0,0.5,FALSE,TRUE,TRUE,25,5,"AIW-N",0.00108028852874563,11.5109290523202,8.22817815735638
0.865631026374013,0.865631026374013,0.01,0,0,0,0,FALSE,FALSE,TRUE,25,6,"Null posterior-mean R",-0.00142388921035868,11.5039749044789,8.20909371743581
3.80320713868605,6.37797837157651,0.004,1,1,0,0.5,FALSE,TRUE,TRUE,25,6,"collapsed-R",-0.00142388921035868,11.5039749044789,8.20909371743581
8.72560698976135,12.4252643534202,0.004,1,1,0,0.5,FALSE,TRUE,TRUE,25,6,"AIW-N",-0.00142388921035868,11.5039749044789,8.20909371743581
0.873742684243721,0.873742684243721,0.01,0,0,0,0,FALSE,FALSE,TRUE,25,7,"Null posterior-mean R",-0.000156428979521321,11.5074947059053,8.21875729271882
2.34923640936459,3.93966945850441,0.002,1,1,0,0.5,FALSE,TRUE,TRUE,25,7,"collapsed-R",-0.000156428979521321,11.5074947059053,8.21875729271882
11.778596821882,16.7727218743599,0.004,1,1,0,0.5,FALSE,TRUE,TRUE,25,7,"AIW-N",-0.000156428979521321,11.5074947059053,8.21875729271882
0.855992611478529,0.855992611478529,0.01,0,0,0,0,FALSE,FALSE,TRUE,25,8,"Null posterior-mean R",0.00142054180795587,11.5118739162414,8.23076864480728
5.83423058769934,9.78400469557179,0.006,1,1,0,0.5,FALSE,TRUE,TRUE,25,8,"collapsed-R",0.00142054180795587,11.5118739162414,8.23076864480728
11.8556731562282,16.8824785744689,0.006,1,1,0,0.5,FALSE,TRUE,TRUE,25,8,"AIW-N",0.00142054180795587,11.5118739162414,8.23076864480728
1.16769858016279,1.16769858016279,0.01,0,0,0,0,FALSE,FALSE,TRUE,25,9,"Null posterior-mean R",-0.00128690578619813,11.5043553183449,8.21013854510584
14.4070620095399,24.1606429899985,0.006,1,1,0,0.5,FALSE,TRUE,TRUE,25,9,"collapsed-R",-0.00128690578619813,11.5043553183449,8.21013854510584
23.0067198865645,32.7615691184679,0.006,1,1,0,0.5,FALSE,TRUE,TRUE,25,9,"AIW-N",-0.00128690578619813,11.5043553183449,8.21013854510584
0.772302180911051,0.772302180911051,0.01,0,0,0,0,FALSE,FALSE,TRUE,25,10,"Null posterior-mean R",0.000445730393525294,11.5091669038555,8.22334534899105
5.30901015191033,8.90321002475362,0.006,1,1,0,0.5,FALSE,TRUE,TRUE,25,10,"collapsed-R",0.000445730393525294,11.5091669038555,8.22334534899105
10.775578658826,15.3444240101683,0.006,1,1,0,0.5,FALSE,TRUE,TRUE,25,10,"AIW-N",0.000445730393525294,11.5091669038555,8.22334534899105
1.61015629905369,1.61015629905369,0.01,0,0,0,0,FALSE,FALSE,TRUE,25,11,"Null posterior-mean R",0.00100602072931697,11.5107228140439,8.22761264373997
16.9771542667183,28.4706877052866,0.008,1,1,0,0.5,FALSE,TRUE,TRUE,25,11,"collapsed-R",0.00100602072931697,11.5107228140439,8.22761264373997
21.3152107931811,30.3528601694899,0.008,1,1,0,0.5,FALSE,TRUE,TRUE,25,11,"AIW-N",0.00100602072931697,11.5107228140439,8.22761264373997
1.11218606503481,1.11218606503481,0.01,0,0,0,0,FALSE,FALSE,TRUE,25,12,"Null posterior-mean R",0.00318276985805525,11.5167674195622,8.24417529657933
7.48199555985304,12.5473065538736,0.004,1,1,0,0.5,FALSE,TRUE,TRUE,25,12,"collapsed-R",0.00318276985805525,11.5167674195622,8.24417529657933
17.6628671526058,25.1519228253107,0.006,1,1,0,0.5,FALSE,TRUE,TRUE,25,12,"AIW-N",0.00318276985805525,11.5167674195622,8.24417529657933
0.718240454381394,0.718240454381394,0.01,0,0,0,0,FALSE,FALSE,TRUE,25,13,"Null posterior-mean R",0.000962052780240107,11.5106007169226,8.22727783499886
2.29569770052342,3.84988504377778,0.004,1,1,0,0.5,FALSE,TRUE,TRUE,25,13,"collapsed-R",0.000962052780240107,11.5106007169226,8.22727783499886
5.73585918991925,8.16786348644501,0.004,1,1,0,0.5,FALSE,TRUE,TRUE,25,13,"AIW-N",0.000962052780240107,11.5106007169226,8.22727783499886
1.24440920649218,1.24440920649218,0.01,0,0,0,0,FALSE,FALSE,TRUE,25,14,"Null posterior-mean R",0.00147573046642979,11.5120271713957,8.23118876020384
3.51228256221333,5.89009785683175,0.002,1,1,0,0.5,FALSE,TRUE,TRUE,25,14,"collapsed-R",0.00147573046642979,11.5120271713957,8.23118876020384
12.1845770118904,17.3508376649319,0.004,1,1,0,0.5,FALSE,TRUE,TRUE,25,14,"AIW-N",0.00147573046642979,11.5120271713957,8.23118876020384
0.766705503332294,0.766705503332294,0.01,0,0,0,0,FALSE,FALSE,TRUE,25,15,"Null posterior-mean R",0.00356289062863597,11.5178229476642,8.24706499849058
5.4424915009452,9.12705824708509,0.008,1,1,0,0.5,FALSE,TRUE,TRUE,25,15,"collapsed-R",0.00356289062863597,11.5178229476642,8.24706499849058
7.45161549215812,10.6111004608332,0.006,1,1,0,0.5,FALSE,TRUE,TRUE,25,15,"AIW-N",0.00356289062863597,11.5178229476642,8.24706499849058
1.38996750658095,1.38996750658095,0.01,0,0,0,0,FALSE,FALSE,TRUE,25,16,"Null posterior-mean R",-0.0012365534560481,11.5044951505342,8.21052257719222
13.366921088346,22.4163266651562,0.004,1,1,0,0.5,FALSE,TRUE,TRUE,25,16,"collapsed-R",-0.0012365534560481,11.5044951505342,8.21052257719222
22.6156162171201,32.204637493179,0.004,1,1,0,0.5,FALSE,TRUE,TRUE,25,16,"AIW-N",-0.0012365534560481,11.5044951505342,8.21052257719222
1.98911361231569,1.98911361231569,0.01,0,0,0,0,FALSE,FALSE,TRUE,25,17,"Null posterior-mean R",5.4690118502987e-05,11.508080986298,8.22036610224272
17.4090600616581,29.1949937234006,0.002,1,1,0,0.5,FALSE,TRUE,TRUE,25,17,"collapsed-R",5.4690118502987e-05,11.508080986298,8.22036610224272
57.3815201536783,81.711284698838,0.004,2,1,1,0.5,FALSE,FALSE,TRUE,25,17,"AIW-N",5.4690118502987e-05,11.508080986298,8.22036610224272
0.863037537372326,0.863037537372326,0.01,0,0,0,0,FALSE,FALSE,TRUE,25,18,"Null posterior-mean R",-0.00107579428058876,11.5049415899394,8.21174857970697
6.58528753394562,11.0435271944268,0.008,1,1,0,0.5,FALSE,TRUE,TRUE,25,18,"collapsed-R",-0.00107579428058876,11.5049415899394,8.21174857970697
10.5064934173754,14.9612466263425,0.006,1,1,0,0.5,FALSE,TRUE,TRUE,25,18,"AIW-N",-0.00107579428058876,11.5049415899394,8.21174857970697
1.02549003242826,1.02549003242826,0.01,0,0,0,0,FALSE,FALSE,TRUE,25,19,"Null posterior-mean R",0.00244249973240835,11.5147117964957,8.23854550284564
3.84259615454241,6.44403375116762,0.004,1,1,0,0.5,FALSE,TRUE,TRUE,25,19,"collapsed-R",0.00244249973240835,11.5147117964957,8.23854550284564
10.9756752380389,15.6293615389674,0.006,1,1,0,0.5,FALSE,TRUE,TRUE,25,19,"AIW-N",0.00244249973240835,11.5147117964957,8.23854550284564
1.1082879605281,1.1082879605281,0.01,0,0,0,0,FALSE,FALSE,TRUE,25,20,"Null posterior-mean R",-0.000916973605952477,11.5053826447068,8.21295966203387
3.37628912909048,5.66203686948474,0.002,1,1,0,1,TRUE,TRUE,TRUE,25,20,"collapsed-R",-0.000916973605952477,11.5053826447068,8.21295966203387
9.80588314515059,13.9635775986944,0.004,1,1,0,1,TRUE,TRUE,TRUE,25,20,"AIW-N",-0.000916973605952477,11.5053826447068,8.21295966203387
1.90183614787673,1.90183614787673,0.01,0,0,0,0,FALSE,FALSE,TRUE,50,1,"Null posterior-mean R",0.00155762571962889,11.5122545886394,8.23181214549707
45.3994071587873,76.1348058052863,0.008,2,2,0,1,TRUE,FALSE,TRUE,50,1,"collapsed-R",0.00155762571962889,11.5122545886394,8.23181214549707
66.5168814191442,94.7200391408613,0.006,2,1,1,0.5,FALSE,FALSE,TRUE,50,1,"AIW-N",0.00155762571962889,11.5122545886394,8.23181214549707
1.63214357062379,1.63214357062379,0.01,0,0,0,0,FALSE,FALSE,TRUE,50,2,"Null posterior-mean R",0.000267696093581573,11.5086725041947,8.22198904798958
13.3377442658662,22.3673971338576,0.002,1,1,0,0.5,FALSE,TRUE,TRUE,50,2,"collapsed-R",0.000267696093581573,11.5086725041947,8.22198904798958
18.4908584098854,26.3309823756768,0.002,1,1,0,0.5,FALSE,TRUE,TRUE,50,2,"AIW-N",0.000267696093581573,11.5086725041947,8.22198904798958
1.33421291976083,1.33421291976083,0.01,0,0,0,0,FALSE,FALSE,TRUE,50,3,"Null posterior-mean R",-0.00207280154053968,11.5021728106197,8.20414282884581
11.7876686597798,19.7679203424508,0.004,1,0,1,0,FALSE,TRUE,TRUE,50,3,"collapsed-R",-0.00207280154053968,11.5021728106197,8.20414282884581
17.8687712607394,25.445130275293,0.004,1,0,1,0,FALSE,TRUE,TRUE,50,3,"AIW-N",-0.00207280154053968,11.5021728106197,8.20414282884581
1.85450841168496,1.85450841168496,0.01,0,0,0,0,FALSE,FALSE,TRUE,50,4,"Null posterior-mean R",-0.00152328106105937,11.5036988848141,8.20833555257391
18.1004249386782,30.3544126221634,0.002,1,1,0,0.5,FALSE,TRUE,TRUE,50,4,"collapsed-R",-0.00152328106105937,11.5036988848141,8.20833555257391
26.0948353915079,37.1590455975073,0.002,1,1,0,0.5,FALSE,TRUE,TRUE,50,4,"AIW-N",-0.00152328106105937,11.5036988848141,8.20833555257391
2.17393632015922,2.17393632015922,0.01,0,0,0,0,FALSE,FALSE,TRUE,50,5,"Null posterior-mean R",-0.00570204319019926,11.4920936801209,8.17641153680772
29.0302030799717,48.6836505651125,0.004,1,1,0,0.5,FALSE,TRUE,TRUE,50,5,"collapsed-R",-0.00570204319019926,11.4920936801209,8.17641153680772
57.7054986811518,82.1726301219602,0.004,2,2,0,1,TRUE,FALSE,TRUE,50,5,"AIW-N",-0.00570204319019926,11.4920936801209,8.17641153680772
1.4740448961094,1.4740448961094,0.01,0,0,0,0,FALSE,FALSE,TRUE,50,6,"Null posterior-mean R",0.00260778369305613,11.5151707688664,8.23980274999734
13.9173914635658,23.3394654843998,0.002,1,1,0,0.5,FALSE,TRUE,TRUE,50,6,"collapsed-R",0.00260778369305613,11.5151707688664,8.23980274999734
40.8522303036591,58.1735759524105,0.002,2,2,0,1,TRUE,FALSE,TRUE,50,6,"AIW-N",0.00260778369305613,11.5151707688664,8.23980274999734
1.55371479403775,1.55371479403775,0.01,0,0,0,0,FALSE,FALSE,TRUE,50,7,"Null posterior-mean R",-0.000448131042715373,11.506684641774,8.21653401579183
17.6894390458397,29.6651892798732,0.004,1,1,0,0.5,FALSE,TRUE,TRUE,50,7,"collapsed-R",-0.000448131042715373,11.506684641774,8.21653401579183
25.3818794247114,36.143796300789,0.004,1,1,0,0.5,FALSE,TRUE,TRUE,50,7,"AIW-N",-0.000448131042715373,11.506684641774,8.21653401579183
1.81677619397009,1.81677619397009,0.01,0,0,0,0,FALSE,FALSE,TRUE,50,8,"Null posterior-mean R",0.000733347624672855,11.509965610764,8.22553611550646
19.2859882038252,32.3426022178148,0.002,1,1,0,0.5,FALSE,TRUE,TRUE,50,8,"collapsed-R",0.000733347624672855,11.509965610764,8.22553611550646
24.5598228340346,34.9731877156652,0.002,1,1,0,0.5,FALSE,TRUE,TRUE,50,8,"AIW-N",0.000733347624672855,11.509965610764,8.22553611550646
2.25893581751426,2.25893581751426,0.01,0,0,0,0,FALSE,FALSE,TRUE,50,9,"Null posterior-mean R",0.000161413938025477,11.5083773587966,8.22117928813299
44.4321921707033,74.5127862702694,0.006,2,2,0,1,TRUE,FALSE,TRUE,50,9,"collapsed-R",0.000161413938025477,11.5083773587966,8.22117928813299
72.2772669390134,102.922828121155,0.004,2,1,1,0.5,FALSE,FALSE,TRUE,50,9,"AIW-N",0.000161413938025477,11.5083773587966,8.22117928813299
1.56640003885846,1.56640003885846,0.01,0,0,0,0,FALSE,FALSE,TRUE,50,10,"Null posterior-mean R",0.0026944109461561,11.5154113210221,8.24046162960282
41.6619354933099,69.8670658222807,0.01,2,2,0,1,TRUE,FALSE,TRUE,50,10,"collapsed-R",0.0026944109461561,11.5154113210221,8.24046162960282
55.6347472146113,79.2238800336065,0.008,2,1,1,0.5,FALSE,FALSE,TRUE,50,10,"AIW-N",0.0026944109461561,11.5154113210221,8.24046162960282
1.74422749570125,1.74422749570125,0.01,0,0,0,0,FALSE,FALSE,TRUE,50,11,"Null posterior-mean R",-0.000152688385933192,11.5075050936011,8.21878579957768
19.346836931999,32.4446455349623,0.004,1,1,0,0.5,FALSE,TRUE,TRUE,50,11,"collapsed-R",-0.000152688385933192,11.5075050936011,8.21878579957768
58.5891344407223,83.4309274435886,0.006,2,2,0,1,TRUE,FALSE,TRUE,50,11,"AIW-N",-0.000152688385933192,11.5075050936011,8.21878579957768
1.57001885582982,1.57001885582982,0.01,0,0,0,0,FALSE,FALSE,TRUE,50,12,"Null posterior-mean R",-0.000232220501209712,11.5072842313263,8.21817967349478
19.546479367567,32.7794458994098,0.004,1,1,0,0.5,FALSE,TRUE,TRUE,50,12,"collapsed-R",-0.000232220501209712,11.5072842313263,8.21817967349478
28.9471098100204,41.2206843694691,0.004,1,1,0,0.5,FALSE,TRUE,TRUE,50,12,"AIW-N",-0.000232220501209712,11.5072842313263,8.21817967349478
2.15011591199373,2.15011591199373,0.01,0,0,0,0,FALSE,FALSE,TRUE,50,13,"Null posterior-mean R",-0.00371318729275969,11.4976172059308,8.19161734773216
21.238298707742,35.6166269328834,0.002,1,1,0,0.5,FALSE,TRUE,TRUE,50,13,"collapsed-R",-0.00371318729275969,11.4976172059308,8.19161734773216
25.6512912374646,36.5274387221496,0.002,1,1,0,0.5,FALSE,TRUE,TRUE,50,13,"AIW-N",-0.00371318729275969,11.4976172059308,8.19161734773216
2.20350290796925,2.20350290796925,0.01,0,0,0,0,FALSE,FALSE,TRUE,50,14,"Null posterior-mean R",0.000308967047358868,11.5087871134146,8.2223034735359
25.6107362367826,42.9492046690844,0.004,1,1,0,0.5,FALSE,TRUE,TRUE,50,14,"collapsed-R",0.000308967047358868,11.5087871134146,8.2223034735359
28.6289265543626,40.7675914134123,0.004,1,1,0,0.5,FALSE,TRUE,TRUE,50,14,"AIW-N",0.000308967047358868,11.5087871134146,8.2223034735359
1.34432163233838,1.34432163233838,0.01,0,0,0,0,FALSE,FALSE,TRUE,50,15,"Null posterior-mean R",0.000616666707546157,11.5096415908831,8.22464741609941
12.1846921006374,20.4337286527689,0.002,1,1,0,0.5,FALSE,TRUE,TRUE,50,15,"collapsed-R",0.000616666707546157,11.5096415908831,8.22464741609941
21.5115719481161,30.6324784541173,0.002,1,1,0,0.5,FALSE,TRUE,TRUE,50,15,"AIW-N",0.000616666707546157,11.5096415908831,8.22464741609941
1.15925532242776,1.15925532242776,0.01,0,0,0,0,FALSE,FALSE,TRUE,50,16,"Null posterior-mean R",0.000424262849022367,11.5091072887655,8.22318181394883
10.9088805369089,18.2941926603962,0.004,1,0,1,0,FALSE,TRUE,TRUE,50,16,"collapsed-R",0.000424262849022367,11.5091072887655,8.22318181394883
16.5122025470365,23.51337642698,0.004,1,0,1,0,FALSE,TRUE,TRUE,50,16,"AIW-N",0.000424262849022367,11.5091072887655,8.22318181394883
1.96438925700617,1.96438925700617,0.01,0,0,0,0,FALSE,FALSE,TRUE,50,17,"Null posterior-mean R",-0.000551932911339936,11.5063963802504,8.21574275476672
10.9086741056963,18.2938464752526,0.002,1,1,0,0.5,FALSE,TRUE,TRUE,50,17,"collapsed-R",-0.000551932911339936,11.5063963802504,8.21574275476672
15.6559714637364,22.2941033643606,0.002,1,1,0,0.5,FALSE,TRUE,TRUE,50,17,"AIW-N",-0.000551932911339936,11.5063963802504,8.21574275476672
3.66061020149695,3.66061020149695,0.01,0,0,0,0,FALSE,FALSE,TRUE,50,18,"Null posterior-mean R",0.00100668389308752,11.5107246556206,8.22761769354431
35.9465432988057,60.2823531120972,0.002,1,1,0,0.5,FALSE,TRUE,TRUE,50,18,"collapsed-R",0.00100668389308752,11.5107246556206,8.22761769354431
39.6850762450782,56.5115485729913,0.002,1,1,0,0.5,FALSE,TRUE,TRUE,50,18,"AIW-N",0.00100668389308752,11.5107246556206,8.22761769354431
2.35606684381216,2.35606684381216,0.01,0,0,0,0,FALSE,FALSE,TRUE,50,19,"Null posterior-mean R",-0.0018160973185824,11.5028857061791,8.20610162964499
52.2155782904416,87.5655247930705,0.006,1,1,0,0.5,FALSE,TRUE,TRUE,50,19,"collapsed-R",-0.0018160973185824,11.5028857061791,8.20610162964499
54.4358883133965,77.5167049582766,0.006,1,1,0,0.5,FALSE,TRUE,TRUE,50,19,"AIW-N",-0.0018160973185824,11.5028857061791,8.20610162964499
1.92146369985452,1.92146369985452,0.01,0,0,0,0,FALSE,FALSE,TRUE,50,20,"Null posterior-mean R",-6.32615868904444e-05,11.5077534332156,8.21946729394196
28.3928979576604,47.6148898749965,0.004,1,1,0,0.5,FALSE,TRUE,TRUE,50,20,"collapsed-R",-6.32615868904444e-05,11.5077534332156,8.21946729394196
62.2254110129208,88.6089852823992,0.006,2,2,0,1,TRUE,FALSE,TRUE,50,20,"AIW-N",-6.32615868904444e-05,11.5077534332156,8.21946729394196
2.28202166534305,2.28202166534305,0.01,0,0,0,0,FALSE,FALSE,TRUE,100,1,"Null posterior-mean R",-0.00106917060425234,11.504959984321,8.21179909106538
24.1649074707181,40.5245498283943,0.002,1,1,0,0.5,FALSE,TRUE,TRUE,100,1,"collapsed-R",-0.00106917060425234,11.504959984321,8.21179909106538
31.527871863396,44.895689533476,0.002,1,1,0,0.5,FALSE,TRUE,TRUE,100,1,"AIW-N",-0.00106917060425234,11.504959984321,8.21179909106538
3.94081390617073,3.94081390617073,0.01,0,0,0,0,FALSE,FALSE,TRUE,100,2,"Null posterior-mean R",-0.00105447330869758,11.5050007996622,8.21191117002909
79.2948421885473,132.977450350194,0.004,2,2,0,1,TRUE,FALSE,TRUE,100,2,"collapsed-R",-0.00105447330869758,11.5050007996622,8.21191117002909
82.2347967171302,117.102350525193,0.004,2,2,0,1,TRUE,FALSE,TRUE,100,2,"AIW-N",-0.00105447330869758,11.5050007996622,8.21191117002909
3.598706565444,3.598706565444,0.01,0,0,0,0,FALSE,FALSE,TRUE,100,3,"Null posterior-mean R",0.00281401930177495,11.5157434565303,8.24137129481355
40.2854251118772,67.5586579126181,0.002,1,1,0,0.5,FALSE,TRUE,TRUE,100,3,"collapsed-R",0.00281401930177495,11.5157434565303,8.24137129481355
108.706441756975,154.797973061933,0.004,2,1,1,0.5,FALSE,FALSE,TRUE,100,3,"AIW-N",0.00281401930177495,11.5157434565303,8.24137129481355
7.86438802326266,7.86438802326266,0.01,0,0,0,0,FALSE,FALSE,TRUE,100,4,"Null posterior-mean R",0.000212702942566458,11.5085197883655,8.22157006475226
62.8774594476229,105.445499493664,0.002,2,2,0,1,TRUE,FALSE,TRUE,100,4,"collapsed-R",0.000212702942566458,11.5085197883655,8.22157006475226
112.776967836037,160.594402198517,0.002,2,2,0,1,TRUE,FALSE,TRUE,100,4,"AIW-N",0.000212702942566458,11.5085197883655,8.22157006475226
2.88013945951458,2.88013945951458,0.01,0,0,0,0,FALSE,FALSE,TRUE,100,5,"Null posterior-mean R",0.00070360719516878,11.509883022432,8.22530960466132
35.7372255175037,59.9313271928538,0.002,1,1,0,0.5,FALSE,TRUE,TRUE,100,5,"collapsed-R",0.00070360719516878,11.509883022432,8.22530960466132
66.0158558189694,94.0065786862124,0.002,2,2,0,1,TRUE,FALSE,TRUE,100,5,"AIW-N",0.00070360719516878,11.509883022432,8.22530960466132
3.65476710651588,3.65476710651588,0.01,0,0,0,0,FALSE,FALSE,TRUE,100,6,"Null posterior-mean R",0.00159629718737427,11.5123619764028,8.23210649957966
30.9300559789473,51.8697038766947,0.002,1,1,0,0.5,FALSE,TRUE,TRUE,100,6,"collapsed-R",0.00159629718737427,11.5123619764028,8.23210649957966
35.805355496435,50.9868262269234,0.002,1,1,0,0.5,FALSE,TRUE,TRUE,100,6,"AIW-N",0.00159629718737427,11.5123619764028,8.23210649957966
2.38925428878072,2.38925428878072,0.01,0,0,0,0,FALSE,FALSE,TRUE,100,7,"Null posterior-mean R",0.00108473988055714,11.5109414135107,8.22821205132325
50.977620351912,85.4894693301564,0.006,2,2,0,1,TRUE,FALSE,TRUE,100,7,"collapsed-R",0.00108473988055714,11.5109414135107,8.22821205132325
92.9662372743291,132.383921878645,0.004,2,2,0,1,TRUE,FALSE,TRUE,100,7,"AIW-N",0.00108473988055714,11.5109414135107,8.22821205132325
2.43547694648926,2.43547694648926,0.01,0,0,0,0,FALSE,FALSE,TRUE,100,8,"Null posterior-mean R",-0.00389035143109912,11.4971251861838,8.19026370709111
29.8859440350882,50.1187281468429,0.002,1,1,0,0.5,FALSE,TRUE,TRUE,100,8,"collapsed-R",-0.00389035143109912,11.4971251861838,8.19026370709111
33.2688911645881,47.3749010183735,0.002,1,1,0,0.5,FALSE,TRUE,TRUE,100,8,"AIW-N",-0.00389035143109912,11.4971251861838,8.19026370709111
3.80999336512666,3.80999336512666,0.01,0,0,0,0,FALSE,FALSE,TRUE,100,9,"Null posterior-mean R",0.00203782522097095,11.5135880607298,8.23546669370181
34.8663857810103,58.4709289547543,0.002,1,1,0,0.5,FALSE,TRUE,TRUE,100,9,"collapsed-R",0.00203782522097095,11.5135880607298,8.23546669370181
62.0255956251221,88.3244481701739,0.002,2,2,0,1,TRUE,FALSE,TRUE,100,9,"AIW-N",0.00203782522097095,11.5135880607298,8.23546669370181
3.29174383181204,3.29174383181204,0.01,0,0,0,0,FALSE,FALSE,TRUE,100,10,"Null posterior-mean R",8.99569010528238e-05,11.5081789223689,8.22063482549497
109.167566719802,183.074009389108,0.004,2,2,0,1,TRUE,FALSE,TRUE,100,10,"collapsed-R",8.99569010528238e-05,11.5081789223689,8.22063482549497
128.385593379134,182.821084971888,0.004,2,1,1,0.5,FALSE,FALSE,TRUE,100,10,"AIW-N",8.99569010528238e-05,11.5081789223689,8.22063482549497
4.15715602203691,4.15715602203691,0.01,0,0,0,0,FALSE,FALSE,TRUE,100,11,"Null posterior-mean R",0.000483026300744641,11.509270474043,8.22362945514749
40.2010354945363,67.4171365243373,0.002,1,1,0,0.5,FALSE,TRUE,TRUE,100,11,"collapsed-R",0.000483026300744641,11.509270474043,8.22362945514749
43.7662473501469,62.3231362266091,0.002,1,1,0,0.5,FALSE,TRUE,TRUE,100,11,"AIW-N",0.000483026300744641,11.509270474043,8.22362945514749
2.47647982254843,2.47647982254843,0.01,0,0,0,0,FALSE,FALSE,TRUE,100,12,"Null posterior-mean R",-1.87425274541526e-05,11.5078770631811,8.21980654410601
39.3425951394552,65.9775320488664,0.002,1,1,0,0.5,FALSE,TRUE,TRUE,100,12,"collapsed-R",-1.87425274541526e-05,11.5078770631811,8.21980654410601
62.0180873200957,88.3137563438162,0.002,2,2,0,1,TRUE,FALSE,TRUE,100,12,"AIW-N",-1.87425274541526e-05,11.5078770631811,8.21980654410601
2.69978994189337,2.69978994189337,0.01,0,0,0,0,FALSE,FALSE,TRUE,100,13,"Null posterior-mean R",-0.00266757900956475,11.5005210365135,8.19960296954239
33.6585748845653,56.4454300814161,0.002,1,1,0,0.5,FALSE,TRUE,TRUE,100,13,"collapsed-R",-0.00266757900956475,11.5005210365135,8.19960296954239
38.0061424796632,54.1207468910403,0.002,1,1,0,0.5,FALSE,TRUE,TRUE,100,13,"AIW-N",-0.00266757900956475,11.5005210365135,8.19960296954239
5.57150953596845,5.57150953596845,0.01,0,0,0,0,FALSE,FALSE,TRUE,100,14,"Null posterior-mean R",0.000624396785489997,11.5096630571317,8.22470629444343
37.6798268501349,63.1890696276762,0.002,1,1,0,0.5,FALSE,TRUE,TRUE,100,14,"collapsed-R",0.000624396785489997,11.5096630571317,8.22470629444343
90.0251846127156,128.195862888507,0.002,2,2,0,1,TRUE,FALSE,TRUE,100,14,"AIW-N",0.000624396785489997,11.5096630571317,8.22470629444343
2.48232941881635,2.48232941881635,0.01,0,0,0,0,FALSE,FALSE,TRUE,100,15,"Null posterior-mean R",-0.00111677970836345,11.5048277706816,8.21143602451912
30.3822820670769,50.9510870264879,0.002,1,1,0,0.5,FALSE,TRUE,TRUE,100,15,"collapsed-R",-0.00111677970836345,11.5048277706816,8.21143602451912
56.4264720727339,80.3512962315731,0.002,2,2,0,1,TRUE,FALSE,TRUE,100,15,"AIW-N",-0.00111677970836345,11.5048277706816,8.21143602451912
2.50065299546928,2.50065299546928,0.01,0,0,0,0,FALSE,FALSE,TRUE,100,16,"Null posterior-mean R",0.00148722122053064,11.5120590804179,8.23127622979701
53.5456176116584,89.7960007347511,0.004,2,2,0,1,TRUE,FALSE,TRUE,100,16,"collapsed-R",0.00148722122053064,11.5120590804179,8.23127622979701
61.6667410351666,87.8134392340773,0.002,2,2,0,1,TRUE,FALSE,TRUE,100,16,"AIW-N",0.00148722122053064,11.5120590804179,8.23127622979701
2.25315199477482,2.25315199477482,0.01,0,0,0,0,FALSE,FALSE,TRUE,100,17,"Null posterior-mean R",0.00151116941975855,11.5121255828724,8.23145852532933
30.6779537005952,51.4469283558982,0.002,1,1,0,0.5,FALSE,TRUE,TRUE,100,17,"collapsed-R",0.00151116941975855,11.5121255828724,8.23145852532933
33.9564914209564,48.3540437834419,0.002,1,1,0,0.5,FALSE,TRUE,TRUE,100,17,"AIW-N",0.00151116941975855,11.5121255828724,8.23145852532933
3.14768084831553,3.14768084831553,0.01,0,0,0,0,FALSE,FALSE,TRUE,100,18,"Null posterior-mean R",-0.000935162537952273,11.5053321329906,8.21282096975427
66.8009563660897,112.025203825932,0.006,2,2,0,1,TRUE,FALSE,TRUE,100,18,"collapsed-R",-0.000935162537952273,11.5053321329906,8.21282096975427
93.5044139535394,133.15028546984,0.004,2,2,0,1,TRUE,FALSE,TRUE,100,18,"AIW-N",-0.000935162537952273,11.5053321329906,8.21282096975427
2.57520679703003,2.57520679703003,0.01,0,0,0,0,FALSE,FALSE,TRUE,100,19,"Null posterior-mean R",-0.00134723546694964,11.5041877781383,8.20967839881357
18.2845985989894,30.6632718505052,0.001,1,1,0,0.5,FALSE,TRUE,TRUE,100,19,"collapsed-R",-0.00134723546694964,11.5041877781383,8.20967839881357
59.0372361874892,84.0690243309846,0.002,2,1,1,0.5,FALSE,FALSE,TRUE,100,19,"AIW-N",-0.00134723546694964,11.5041877781383,8.20967839881357
4.53085554438326,4.53085554438326,0.01,0,0,0,0,FALSE,FALSE,TRUE,100,20,"Null posterior-mean R",0.000596257961123316,11.5095849162486,8.22449196551977
58.8901559343877,98.7587915019681,0.002,1,0,1,0,FALSE,TRUE,TRUE,100,20,"collapsed-R",0.000596257961123316,11.5095849162486,8.22449196551977
86.449237959151,123.103714853831,0.002,2,2,0,1,TRUE,FALSE,TRUE,100,20,"AIW-N",0.000596257961123316,11.5095849162486,8.22449196551977
6.57994091570298,6.57994091570298,0.01,0,0,0,0,FALSE,FALSE,TRUE,200,1,"Null posterior-mean R",-0.00190234217651582,11.502646195185,8.20544357140703
133.552916444029,223.968240876637,0.002,2,2,0,1,TRUE,FALSE,TRUE,200,1,"collapsed-R",-0.00190234217651582,11.502646195185,8.20544357140703
139.188088514607,198.203838044801,0.002,2,2,0,1,TRUE,FALSE,TRUE,200,1,"AIW-N",-0.00190234217651582,11.502646195185,8.20544357140703
17.6995345024915,17.6995345024915,0.01,0,0,0,0,FALSE,FALSE,TRUE,200,2,"Null posterior-mean R",-7.38655734409193e-05,11.5077239858016,8.21938648643858
148.503585288655,249.040512529074,0.002,2,2,0,1,TRUE,FALSE,TRUE,200,2,"collapsed-R",-7.38655734409193e-05,11.5077239858016,8.21938648643858
260.585350453208,371.073539045368,0.002,2,2,0,1,TRUE,FALSE,TRUE,200,2,"AIW-N",-7.38655734409193e-05,11.5077239858016,8.21938648643858
9.11968786926191,9.11968786926191,0.01,0,0,0,0,FALSE,FALSE,TRUE,200,3,"Null posterior-mean R",-0.000156019640333821,11.5074958426476,8.21876041227401
144.749349823475,242.744659653967,0.002,2,2,0,1,TRUE,FALSE,TRUE,200,3,"collapsed-R",-0.000156019640333821,11.5074958426476,8.21876041227401
172.890235591221,246.195695481899,0.002,2,2,0,1,TRUE,FALSE,TRUE,200,3,"AIW-N",-0.000156019640333821,11.5074958426476,8.21876041227401
8.41271701256603,8.41271701256603,0.01,0,0,0,0,FALSE,FALSE,TRUE,200,4,"Null posterior-mean R",0.00050376868884641,11.5093280753185,8.22378745960876
93.4538929993473,156.722178559905,0.002,2,2,0,1,TRUE,FALSE,TRUE,200,4,"collapsed-R",0.00050376868884641,11.5093280753185,8.22378745960876
166.371025177485,236.912339852738,0.002,2,2,0,1,TRUE,FALSE,TRUE,200,4,"AIW-N",0.00050376868884641,11.5093280753185,8.22378745960876
8.91936547352481,8.91936547352481,0.01,0,0,0,0,FALSE,FALSE,TRUE,200,5,"Null posterior-mean R",0.00155879350077765,11.5122578314812,8.23182103436792
180.630726280478,302.917727972362,0.002,2,2,0,1,TRUE,FALSE,TRUE,200,5,"collapsed-R",0.00155879350077765,11.5122578314812,8.23182103436792
186.708850937744,265.873403735347,0.002,2,2,0,1,TRUE,FALSE,TRUE,200,5,"AIW-N",0.00155879350077765,11.5122578314812,8.23182103436792
29.7724005964989,29.7724005964989,0.01,0,0,0,0,FALSE,FALSE,TRUE,200,6,"Null posterior-mean R",-0.00221693973396863,11.5017725217547,8.20304281585159
142.522378149826,239.010028157258,0.002,2,2,0,1,TRUE,FALSE,TRUE,200,6,"collapsed-R",-0.00221693973396863,11.5017725217547,8.20304281585159
227.777499286643,324.355158984179,0.002,2,2,0,1,TRUE,FALSE,TRUE,200,6,"AIW-N",-0.00221693973396863,11.5017725217547,8.20304281585159
13.4251215272173,13.4251215272173,0.01,0,0,0,0,FALSE,FALSE,TRUE,200,7,"Null posterior-mean R",0.000561165306859883,11.5094874646766,8.22422466443568
148.829307279386,249.586748307531,0.001,2,2,0,1,TRUE,FALSE,TRUE,200,7,"collapsed-R",0.000561165306859883,11.5094874646766,8.22422466443568
273.653827497772,389.683050356828,0.002,2,2,0,1,TRUE,FALSE,TRUE,200,7,"AIW-N",0.000561165306859883,11.5094874646766,8.22422466443568
10.6759503493119,10.6759503493119,0.01,0,0,0,0,FALSE,FALSE,TRUE,200,8,"Null posterior-mean R",0.000327628476516338,11.5088389360748,8.2224456438923
83.7506607297284,140.449858043754,0.001,2,2,0,1,TRUE,FALSE,TRUE,200,8,"collapsed-R",0.000327628476516338,11.5088389360748,8.2224456438923
185.616611312173,264.318054508535,0.002,2,2,0,1,TRUE,FALSE,TRUE,200,8,"AIW-N",0.000327628476516338,11.5088389360748,8.2224456438923
7.50890021617266,7.50890021617266,0.01,0,0,0,0,FALSE,FALSE,TRUE,200,9,"Null posterior-mean R",0.00205425869571582,11.5136336948269,8.23559173848241
83.5409614046557,140.098192275608,0.002,1,1,0,0.5,FALSE,TRUE,TRUE,200,9,"collapsed-R",0.00205425869571582,11.5136336948269,8.23559173848241
245.568469525564,349.689500604403,0.004,2,2,0,1,TRUE,FALSE,TRUE,200,9,"AIW-N",0.00205425869571582,11.5136336948269,8.23559173848241
7.44631072706437,7.44631072706437,0.01,0,0,0,0,FALSE,FALSE,TRUE,200,10,"Null posterior-mean R",0.00176461102274104,11.5128293703267,8.23338755410566
71.4525717322081,119.825962794913,0.002,2,2,0,1,TRUE,FALSE,TRUE,200,10,"collapsed-R",0.00176461102274104,11.5128293703267,8.23338755410566
150.980995747143,214.996937943931,0.002,2,2,0,1,TRUE,FALSE,TRUE,200,10,"AIW-N",0.00176461102274104,11.5128293703267,8.23338755410566
6.55141597225777,6.55141597225777,0.01,0,0,0,0,FALSE,FALSE,TRUE,200,11,"Null posterior-mean R",-4.98674186901381e-05,11.5077906289933,8.2195693631152
65.7419019388774,110.249169551497,0.001,1,1,0,0.5,FALSE,TRUE,TRUE,200,11,"collapsed-R",-4.98674186901381e-05,11.5077906289933,8.2195693631152
68.3489330968036,97.3288807298483,0.001,1,1,0,0.5,FALSE,TRUE,TRUE,200,11,"AIW-N",-4.98674186901381e-05,11.5077906289933,8.2195693631152
9.01507224071609,9.01507224071609,0.01,0,0,0,0,FALSE,FALSE,TRUE,200,12,"Null posterior-mean R",-0.00232428612268745,11.5014744074388,8.20222351244719
51.4704842067224,86.3160020146734,0.001,2,2,0,1,TRUE,FALSE,TRUE,200,12,"collapsed-R",-0.00232428612268745,11.5014744074388,8.20222351244719
152.289218353188,216.859846934939,0.002,2,2,0,1,TRUE,FALSE,TRUE,200,12,"AIW-N",-0.00232428612268745,11.5014744074388,8.20222351244719
11.5033507418654,11.5033507418654,0.01,0,0,0,0,FALSE,FALSE,TRUE,200,13,"Null posterior-mean R",0.00140696679878191,11.5118362193378,8.23066530458388
190.540754186254,319.536844770347,0.002,2,2,0,1,TRUE,FALSE,TRUE,200,13,"collapsed-R",0.00140696679878191,11.5118362193378,8.23066530458388
190.979642538424,271.955010974716,0.002,2,2,0,1,TRUE,FALSE,TRUE,200,13,"AIW-N",0.00140696679878191,11.5118362193378,8.23066530458388
4.13905946337063,4.13905946337063,0.01,0,0,0,0,FALSE,FALSE,TRUE,200,14,"Null posterior-mean R",0.000113736104203367,11.5082449573245,8.2208160127604
70.6401677184714,118.463561263877,0.002,2,2,0,1,TRUE,FALSE,TRUE,200,14,"collapsed-R",0.000113736104203367,11.5082449573245,8.2208160127604
194.980010833443,277.651535426822,0.004,3,1,2,0.5,FALSE,FALSE,TRUE,200,14,"AIW-N",0.000113736104203367,11.5082449573245,8.2208160127604
7.2717968195568,7.2717968195568,0.01,0,0,0,0,FALSE,FALSE,TRUE,200,15,"Null posterior-mean R",-0.000824065875613327,11.5056406545843,8.21366806426641
116.30424598002,195.042220508494,0.002,2,2,0,1,TRUE,FALSE,TRUE,200,15,"collapsed-R",-0.000824065875613327,11.5056406545843,8.21366806426641
198.76806484078,283.045724333271,0.004,2,2,0,1,TRUE,FALSE,TRUE,200,15,"AIW-N",-0.000824065875613327,11.5056406545843,8.21366806426641
6.63671814640127,6.63671814640127,0.01,0,0,0,0,FALSE,FALSE,TRUE,200,16,"Null posterior-mean R",0.000179673874126402,11.5084280666563,8.2213184142318
172.527575580373,289.328744248286,0.002,2,2,0,1,TRUE,FALSE,TRUE,200,16,"collapsed-R",0.000179673874126402,11.5084280666563,8.2213184142318
174.404401864066,248.351868254431,0.002,2,2,0,1,TRUE,FALSE,TRUE,200,16,"AIW-N",0.000179673874126402,11.5084280666563,8.2213184142318
8.86750032049638,8.86750032049638,0.01,0,0,0,0,FALSE,FALSE,TRUE,200,17,"Null posterior-mean R",-0.000687263032949764,11.5060205627996,8.21471107315834
129.754297083203,217.597956208532,0.002,2,2,0,1,TRUE,FALSE,TRUE,200,17,"collapsed-R",-0.000687263032949764,11.5060205627996,8.21471107315834
168.563658467904,240.034649658295,0.002,2,2,0,1,TRUE,FALSE,TRUE,200,17,"AIW-N",-0.000687263032949764,11.5060205627996,8.21471107315834
8.54777397154182,8.54777397154182,0.01,0,0,0,0,FALSE,FALSE,TRUE,200,18,"Null posterior-mean R",-0.00192088922651714,11.5025946880387,8.20530205003458
92.479810202048,155.088641708835,0.002,2,2,0,1,TRUE,FALSE,TRUE,200,18,"collapsed-R",-0.00192088922651714,11.5025946880387,8.20530205003458
162.187132973245,230.954477353901,0.002,2,2,0,1,TRUE,FALSE,TRUE,200,18,"AIW-N",-0.00192088922651714,11.5025946880387,8.20530205003458
10.471325755652,10.471325755652,0.01,0,0,0,0,FALSE,FALSE,TRUE,200,19,"Null posterior-mean R",0.00106901616709311,11.5108977495076,8.22809232563998
106.552585741621,178.688686288698,0.001,2,2,0,1,TRUE,FALSE,TRUE,200,19,"collapsed-R",0.00106901616709311,11.5108977495076,8.22809232563998
213.842092027651,304.511139047376,0.002,2,1,1,0.5,FALSE,FALSE,TRUE,200,19,"AIW-N",0.00106901616709311,11.5108977495076,8.22809232563998
4.38603843848125,4.38603843848125,0.01,0,0,0,0,FALSE,FALSE,TRUE,200,20,"Null posterior-mean R",0.000262914609615986,11.5086592260332,8.22195261934047
130.734714869517,219.24211683618,0.002,2,2,0,1,TRUE,FALSE,TRUE,200,20,"collapsed-R",0.000262914609615986,11.5086592260332,8.22195261934047
136.152710674149,193.881459999989,0.002,2,2,0,1,TRUE,FALSE,TRUE,200,20,"AIW-N",0.000262914609615986,11.5086592260332,8.22195261934047
37.4837032054248,37.4837032054248,0.01,1,1,0,1,TRUE,FALSE,TRUE,400,1,"Null posterior-mean R",0.000569906023108209,11.5095117374702,8.22429124317287
618.06651740901,1036.49754969491,0.002,2,2,0,1,TRUE,FALSE,TRUE,400,1,"collapsed-R",0.000569906023108209,11.5095117374702,8.22429124317287
685.821653721848,976.610034899912,0.002,2,2,0,1,TRUE,FALSE,TRUE,400,1,"AIW-N",0.000569906023108209,11.5095117374702,8.22429124317287
27.4297367317087,27.4297367317087,0.01,0,0,0,0,FALSE,FALSE,TRUE,400,2,"Null posterior-mean R",-0.000365959452342365,11.5069128348412,8.2171603524405
284.371848278118,476.891589562403,0.002,2,2,0,1,TRUE,FALSE,TRUE,400,2,"collapsed-R",-0.000365959452342365,11.5069128348412,8.2171603524405
363.528394969539,517.664434436623,0.002,3,2,1,1,TRUE,FALSE,TRUE,400,2,"AIW-N",-0.000365959452342365,11.5069128348412,8.2171603524405
148.965982362089,148.965982362089,0.01,2,2,0,1,TRUE,FALSE,TRUE,400,3,"Null posterior-mean R",-1.97846287176288e-05,11.5078741692545,8.21979860306652
237.217730000222,397.814133210373,0.001,2,2,0,1,TRUE,FALSE,TRUE,400,3,"collapsed-R",-1.97846287176288e-05,11.5078741692545,8.21979860306652
240.034559256428,341.809212381154,0.001,2,2,0,1,TRUE,FALSE,TRUE,400,3,"AIW-N",-1.97846287176288e-05,11.5078741692545,8.21979860306652
19.5876579103214,19.5876579103214,0.01,0,0,0,0,FALSE,FALSE,TRUE,400,4,"Null posterior-mean R",-0.00012295366034732,11.5075876674438,8.21901240361974
194.515827443754,326.203042623176,0.002,2,2,0,1,TRUE,FALSE,TRUE,400,4,"collapsed-R",-0.00012295366034732,11.5075876674438,8.21901240361974
251.776447616818,358.529661406348,0.002,2,2,0,1,TRUE,FALSE,TRUE,400,4,"AIW-N",-0.00012295366034732,11.5075876674438,8.21901240361974
60.8885432573685,60.8885432573685,0.01,1,1,0,1,TRUE,FALSE,TRUE,400,5,"Null posterior-mean R",-0.00025718970424347,11.5072148912821,8.21798937247564
312.364766533239,523.835713476241,0.002,2,2,0,1,TRUE,FALSE,TRUE,400,5,"collapsed-R",-0.00025718970424347,11.5072148912821,8.21798937247564
428.269441223006,609.85568430156,0.002,2,2,0,1,TRUE,FALSE,TRUE,400,5,"AIW-N",-0.00025718970424347,11.5072148912821,8.21798937247564
49.6544709396547,49.6544709396547,0.01,1,1,0,1,TRUE,FALSE,TRUE,400,6,"Null posterior-mean R",0.000115297141024569,11.5082492923298,8.22082790708109
258.014455497667,432.690241869588,0.001,2,2,0,1,TRUE,FALSE,TRUE,400,6,"collapsed-R",0.000115297141024569,11.5082492923298,8.22082790708109
576.06526821159,820.316941933304,0.002,2,2,0,1,TRUE,FALSE,TRUE,400,6,"AIW-N",0.000115297141024569,11.5082492923298,8.22082790708109
48.1431363243487,48.1431363243487,0.01,1,1,0,1,TRUE,FALSE,TRUE,400,7,"Null posterior-mean R",0.00057962043101704,11.5095387141812,8.22436523811681
312.332837786637,523.78216896819,0.001,2,2,0,1,TRUE,FALSE,TRUE,400,7,"collapsed-R",0.00057962043101704,11.5095387141812,8.22436523811681
311.791891168872,443.991653024474,0.001,2,2,0,1,TRUE,FALSE,TRUE,400,7,"AIW-N",0.00057962043101704,11.5095387141812,8.22436523811681
34.6208594664035,34.6208594664035,0.01,0,0,0,0,FALSE,FALSE,TRUE,400,8,"Null posterior-mean R",0.000473379882444711,11.5092436860879,8.22355597308609
327.393063781118,549.038167960935,0.002,2,2,0,1,TRUE,FALSE,TRUE,400,8,"collapsed-R",0.000473379882444711,11.5092436860879,8.22355597308609
362.342871027753,515.97624834352,0.002,2,2,0,1,TRUE,FALSE,TRUE,400,8,"AIW-N",0.000473379882444711,11.5092436860879,8.22355597308609
16.2129706837159,16.2129706837159,0.01,0,0,0,0,FALSE,FALSE,TRUE,400,9,"Null posterior-mean R",-0.000762920726945542,11.5058104577848,8.21413425805298
235.930297851,395.655109496126,0.002,2,2,0,1,TRUE,FALSE,TRUE,400,9,"collapsed-R",-0.000762920726945542,11.5058104577848,8.21413425805298
289.646458603933,412.456557052,0.002,2,2,0,1,TRUE,FALSE,TRUE,400,9,"AIW-N",-0.000762920726945542,11.5058104577848,8.21413425805298
31.4930969262181,31.4930969262181,0.01,0,0,0,0,FALSE,FALSE,TRUE,400,10,"Null posterior-mean R",0.00414589034587747,11.5194418182108,8.251495501675
251.629305118917,421.982344684424,0.002,2,2,0,1,TRUE,FALSE,TRUE,400,10,"collapsed-R",0.00414589034587747,11.5194418182108,8.251495501675
287.40759585891,409.268416503087,0.002,2,2,0,1,TRUE,FALSE,TRUE,400,10,"AIW-N",0.00414589034587747,11.5194418182108,8.251495501675
57.6892036137367,57.6892036137367,0.01,1,1,0,0.5,FALSE,FALSE,TRUE,400,11,"Null posterior-mean R",0.000735782206610227,11.5099723715271,8.2255546577056
224.116790525718,375.843857711628,0.001,2,2,0,1,TRUE,FALSE,TRUE,400,11,"collapsed-R",0.000735782206610227,11.5099723715271,8.2255546577056
253.027290049438,360.3108610304,0.001,2,2,0,1,TRUE,FALSE,TRUE,400,11,"AIW-N",0.000735782206610227,11.5099723715271,8.2255546577056
1e+08,1e+08,0.01,2,2,0,1,TRUE,FALSE,TRUE,400,12,"Null posterior-mean R",-0.000461598315633345,11.506647242704,8.21643136071464
805.584867357975,1350.96582255932,0.002,2,2,0,1,TRUE,FALSE,TRUE,400,12,"collapsed-R",-0.000461598315633345,11.506647242704,8.21643136071464
773.669576641456,1101.70547713743,0.002,2,2,0,1,TRUE,FALSE,TRUE,400,12,"AIW-N",-0.000461598315633345,11.506647242704,8.21643136071464
231.195313469448,231.195313469448,0.01,1,1,0,0.5,FALSE,FALSE,TRUE,400,13,"Null posterior-mean R",0.000673552090819594,11.5097995602085,8.2250806923523
433.544015661046,727.053314263574,0.002,2,2,0,1,TRUE,FALSE,TRUE,400,13,"collapsed-R",0.000673552090819594,11.5097995602085,8.2250806923523
544.117540879027,774.823378211735,0.002,2,2,0,1,TRUE,FALSE,TRUE,400,13,"AIW-N",0.000673552090819594,11.5097995602085,8.2250806923523
114.279732613689,114.279732613689,0.01,1,1,0,0.5,FALSE,FALSE,TRUE,400,14,"Null posterior-mean R",-0.00240359911607009,11.5012541450004,8.20161812933653
217.670484040696,365.033401736247,0.001,2,2,0,1,TRUE,FALSE,TRUE,400,14,"collapsed-R",-0.00240359911607009,11.5012541450004,8.20161812933653
318.420627420556,453.430973446871,0.001,2,2,0,1,TRUE,FALSE,TRUE,400,14,"AIW-N",-0.00240359911607009,11.5012541450004,8.20161812933653
11.5478370762089,11.5478370762089,0.01,0,0,0,0,FALSE,FALSE,TRUE,400,15,"Null posterior-mean R",0.0026946109171009,11.5154118763139,8.24046315051863
194.147663496866,325.585631684245,0.002,2,2,0,1,TRUE,FALSE,TRUE,400,15,"collapsed-R",0.0026946109171009,11.5154118763139,8.24046315051863
194.274245350347,276.646525378894,0.002,2,2,0,1,TRUE,FALSE,TRUE,400,15,"AIW-N",0.0026946109171009,11.5154118763139,8.24046315051863
75.8596754681415,75.8596754681415,0.01,1,1,0,0.5,FALSE,FALSE,TRUE,400,16,"Null posterior-mean R",-0.000367458875523253,11.5069086708994,8.21714892370971
257.518051346949,431.857772108834,0.001,2,2,0,1,TRUE,FALSE,TRUE,400,16,"collapsed-R",-0.000367458875523253,11.5069086708994,8.21714892370971
307.609868048454,438.036452100999,0.001,2,2,0,1,TRUE,FALSE,TRUE,400,16,"AIW-N",-0.000367458875523253,11.5069086708994,8.21714892370971
26.9492820068036,26.9492820068036,0.01,0,0,0,0,FALSE,FALSE,TRUE,400,17,"Null posterior-mean R",0.00154353212173242,11.5122154517554,8.2317048678244
240.796200440056,403.815228137975,0.001,2,2,0,1,TRUE,FALSE,TRUE,400,17,"collapsed-R",0.00154353212173242,11.5122154517554,8.2317048678244
275.627948566887,392.494198759247,0.001,2,2,0,1,TRUE,FALSE,TRUE,400,17,"AIW-N",0.00154353212173242,11.5122154517554,8.2317048678244
8.96226924799811,8.96226924799811,0.01,0,0,0,0,FALSE,FALSE,TRUE,400,18,"Null posterior-mean R",0.00189711390360193,11.5131973190161,8.23439594098644
222.540619762417,373.200619341573,0.002,2,1,1,0.5,FALSE,FALSE,TRUE,400,18,"collapsed-R",0.00189711390360193,11.5131973190161,8.23439594098644
282.378050307755,402.106343638243,0.002,2,1,1,0.5,FALSE,FALSE,TRUE,400,18,"AIW-N",0.00189711390360193,11.5131973190161,8.23439594098644
18.8393729330731,18.8393729330731,0.01,0,0,0,0,FALSE,FALSE,TRUE,400,19,"Null posterior-mean R",-0.000443151267151567,11.5066984707759,8.21657197417612
283.789605810941,475.915168944948,0.002,2,2,0,1,TRUE,FALSE,TRUE,400,19,"collapsed-R",-0.000443151267151567,11.5066984707759,8.21657197417612
321.704855541779,458.107714291493,0.002,2,2,0,1,TRUE,FALSE,TRUE,400,19,"AIW-N",-0.000443151267151567,11.5066984707759,8.21657197417612
18.9731748362334,18.9731748362334,0.01,0,0,0,0,FALSE,FALSE,TRUE,400,20,"Null posterior-mean R",-0.00104625778700496,11.5050236146931,8.21197381963098
124.137826129407,208.179134419015,0.001,2,2,0,1,TRUE,FALSE,TRUE,400,20,"collapsed-R",-0.00104625778700496,11.5050236146931,8.21197381963098
165.83423461674,236.147950094238,0.001,2,2,0,1,TRUE,FALSE,TRUE,400,20,"AIW-N",-0.00104625778700496,11.5050236146931,8.21197381963098
29.6283492791756,29.6283492791756,0.01,1,1,0,1,TRUE,FALSE,TRUE,800,1,"Null posterior-mean R",5.85606276306677e-05,11.5080917347288,8.2203955947915
785.849999893652,1317.87044982166,0.002,2,2,0,1,TRUE,FALSE,TRUE,800,1,"collapsed-R",5.85606276306677e-05,11.5080917347288,8.2203955947915
769.425006243523,1095.66120889078,0.002,2,2,0,1,TRUE,FALSE,TRUE,800,1,"AIW-N",5.85606276306677e-05,11.5080917347288,8.2203955947915
171.320839304551,171.320839304551,0.01,1,1,0,0.5,FALSE,FALSE,TRUE,800,2,"Null posterior-mean R",-0.00166498327737682,11.5033053647954,8.20725455062977
2200.06950283166,3689.5165562487,0.002,2,2,0,1,TRUE,FALSE,TRUE,800,2,"collapsed-R",-0.00166498327737682,11.5033053647954,8.20725455062977
2477.6650683487,3528.19505732855,0.002,2,2,0,1,TRUE,FALSE,TRUE,800,2,"AIW-N",-0.00166498327737682,11.5033053647954,8.20725455062977
1e+08,1e+08,0.01,2,2,0,1,TRUE,FALSE,TRUE,800,3,"Null posterior-mean R",0.000139282486424958,11.5083158997112,8.22101066178544
437.37260380217,733.473856576238,0.001,2,2,0,1,TRUE,FALSE,TRUE,800,3,"collapsed-R",0.000139282486424958,11.5083158997112,8.22101066178544
431.778445763853,614.852506767726,0.001,2,2,0,1,TRUE,FALSE,TRUE,800,3,"AIW-N",0.000139282486424958,11.5083158997112,8.22101066178544
127.275840434018,127.275840434018,0.01,1,1,0,0.5,FALSE,FALSE,TRUE,800,4,"Null posterior-mean R",0.00150311050387957,11.5121032038368,8.23139718058535
760.770284519392,1275.81176713902,0.002,2,2,0,1,TRUE,FALSE,TRUE,800,4,"collapsed-R",0.00150311050387957,11.5121032038368,8.23139718058535
941.477547155796,1340.66402714985,0.002,2,2,0,1,TRUE,FALSE,TRUE,800,4,"AIW-N",0.00150311050387957,11.5121032038368,8.23139718058535
78.83317420282,78.83317420282,0.01,1,1,0,0.5,FALSE,FALSE,TRUE,800,5,"Null posterior-mean R",0.000289226819291319,11.5087322949171,8.22215308241673
297.370790669186,498.690815952226,0.001,2,2,0,1,TRUE,FALSE,TRUE,800,5,"collapsed-R",0.000289226819291319,11.5087322949171,8.22215308241673
320.838648717677,456.874235773972,0.001,2,2,0,1,TRUE,FALSE,TRUE,800,5,"AIW-N",0.000289226819291319,11.5087322949171,8.22215308241673
1e+08,1e+08,0.01,2,2,0,1,TRUE,FALSE,TRUE,800,6,"Null posterior-mean R",0.00103338412718081,11.5107988009809,8.22782100630903
677.444884330995,1136.07507102308,0.001,2,2,0,1,TRUE,FALSE,TRUE,800,6,"collapsed-R",0.00103338412718081,11.5107988009809,8.22782100630903
647.93846405449,922.664372813594,0.001,2,2,0,1,TRUE,FALSE,TRUE,800,6,"AIW-N",0.00103338412718081,11.5107988009809,8.22782100630903
110.333271712491,110.333271712491,0.01,1,1,0,0.5,FALSE,FALSE,TRUE,800,7,"Null posterior-mean R",-0.000737782965897085,11.5058802665754,8.21432591203856
331.615516465058,556.119221111903,0.001,2,2,0,1,TRUE,FALSE,TRUE,800,7,"collapsed-R",-0.000737782965897085,11.5058802665754,8.21432591203856
420.978955925867,599.474033238434,0.001,2,2,0,1,TRUE,FALSE,TRUE,800,7,"AIW-N",-0.000737782965897085,11.5058802665754,8.21432591203856
66.3217008382779,66.3217008382779,0.01,1,1,0,1,TRUE,FALSE,TRUE,800,8,"Null posterior-mean R",-0.000831380670883035,11.5056203410115,8.21361229214861
958.968980899871,1608.19098096908,0.002,2,2,0,1,TRUE,FALSE,TRUE,800,8,"collapsed-R",-0.000831380670883035,11.5056203410115,8.21361229214861
1044.21769992179,1486.96600468863,0.002,2,2,0,1,TRUE,FALSE,TRUE,800,8,"AIW-N",-0.000831380670883035,11.5056203410115,8.21361229214861
1e+08,1e+08,0.01,2,2,0,1,TRUE,FALSE,TRUE,800,9,"Null posterior-mean R",-0.000151863622726657,11.5075073839833,8.21879208504279
382.878076007794,642.08653346507,0.001,2,2,0,1,TRUE,FALSE,TRUE,800,9,"collapsed-R",-0.000151863622726657,11.5075073839833,8.21879208504279
516.594668616727,735.630808110219,0.001,2,2,0,1,TRUE,FALSE,TRUE,800,9,"AIW-N",-0.000151863622726657,11.5075073839833,8.21879208504279
1e+08,1e+08,0.01,2,2,0,1,TRUE,FALSE,TRUE,800,10,"Null posterior-mean R",-5.06028943134398e-05,11.5077885865683,8.21956375850782
278.505678330809,467.054022560767,0.001,2,2,0,1,TRUE,FALSE,TRUE,800,10,"collapsed-R",-5.06028943134398e-05,11.5077885865683,8.21956375850782
331.843348455963,472.544928201291,0.001,2,2,0,1,TRUE,FALSE,TRUE,800,10,"AIW-N",-5.06028943134398e-05,11.5077885865683,8.21956375850782
1e+08,1e+08,0.01,2,2,0,1,TRUE,FALSE,TRUE,800,11,"Null posterior-mean R",0.000503723006715758,11.50932794846,8.22378711162916
1799.96238182216,3018.53691431577,0.002,2,2,0,1,TRUE,FALSE,TRUE,800,11,"collapsed-R",0.000503723006715758,11.50932794846,8.22378711162916
1653.85847560012,2355.09446925457,0.002,2,2,0,1,TRUE,FALSE,TRUE,800,11,"AIW-N",0.000503723006715758,11.50932794846,8.22378711162916
1e+08,1e+08,0.008,2,2,0,1,TRUE,FALSE,TRUE,800,12,"Null posterior-mean R",-0.000134638466556449,11.5075552185422,8.2189233559684
2516.90305477175,4220.84642285222,0.002,2,2,0,1,TRUE,FALSE,TRUE,800,12,"collapsed-R",-0.000134638466556449,11.5075552185422,8.2189233559684
2212.5583691582,3150.68311768127,0.002,2,2,0,1,TRUE,FALSE,TRUE,800,12,"AIW-N",-0.000134638466556449,11.5075552185422,8.2189233559684
1e+08,1e+08,0.01,2,2,0,1,TRUE,FALSE,TRUE,800,13,"Null posterior-mean R",0.000550018954101472,11.5094565114727,8.22413976117761
1902.22179452316,3190.02594941533,0.002,2,2,0,1,TRUE,FALSE,TRUE,800,13,"collapsed-R",0.000550018954101472,11.5094565114727,8.22413976117761
1699.42120467142,2419.97579545211,0.002,2,2,0,1,TRUE,FALSE,TRUE,800,13,"AIW-N",0.000550018954101472,11.5094565114727,8.22413976117761
270.144822633024,270.144822633024,0.01,2,2,0,1,TRUE,FALSE,TRUE,800,14,"Null posterior-mean R",-0.00152132310405945,11.5037043222328,8.20835048845885
493.861807063895,828.206250446152,0.001,2,2,0,1,TRUE,FALSE,TRUE,800,14,"collapsed-R",-0.00152132310405945,11.5037043222328,8.20835048845885
525.601072850484,748.455927739089,0.001,2,2,0,1,TRUE,FALSE,TRUE,800,14,"AIW-N",-0.00152132310405945,11.5037043222328,8.20835048845885
127.434035572815,127.434035572815,0.01,1,1,0,0.5,FALSE,FALSE,TRUE,800,15,"Null posterior-mean R",-8.2416269758281e-05,11.507700240398,8.21932132555954
228.520132880061,383.228262839862,0.001,2,2,0,1,TRUE,FALSE,TRUE,800,15,"collapsed-R",-8.2416269758281e-05,11.507700240398,8.21932132555954
492.053841608462,700.68467045045,0.002,2,2,0,1,TRUE,FALSE,TRUE,800,15,"AIW-N",-8.2416269758281e-05,11.507700240398,8.21932132555954
90.9400882185802,90.9400882185802,0.01,1,1,0,0.5,FALSE,FALSE,TRUE,800,16,"Null posterior-mean R",0.00200905658672428,11.5135081731061,8.23524778535975
395.287465950628,662.897080399202,0.001,2,2,0,1,TRUE,FALSE,TRUE,800,16,"collapsed-R",0.00200905658672428,11.5135081731061,8.23524778535975
393.59111464016,560.473747247588,0.001,2,2,0,1,TRUE,FALSE,TRUE,800,16,"AIW-N",0.00200905658672428,11.5135081731061,8.23524778535975
466.387505720772,466.387505720772,0.01,2,2,0,1,TRUE,FALSE,TRUE,800,17,"Null posterior-mean R",8.51790788722497e-05,11.5081656543313,8.22059842018573
609.258142115375,1021.72590432748,0.002,2,2,0,1,TRUE,FALSE,TRUE,800,17,"collapsed-R",8.51790788722497e-05,11.5081656543313,8.22059842018573
596.070863385413,848.804909460829,0.002,2,2,0,1,TRUE,FALSE,TRUE,800,17,"AIW-N",8.51790788722497e-05,11.5081656543313,8.22059842018573
1e+08,1e+08,0.01,2,2,0,1,TRUE,FALSE,TRUE,800,18,"Null posterior-mean R",0.00191571337150121,11.5132489680023,8.23453748102724
438.906366522192,736.045976657716,0.001,2,2,0,1,TRUE,FALSE,TRUE,800,18,"collapsed-R",0.00191571337150121,11.5132489680023,8.23453748102724
488.144787004908,695.118176694989,0.001,2,2,0,1,TRUE,FALSE,TRUE,800,18,"AIW-N",0.00191571337150121,11.5132489680023,8.23453748102724
151.169009943936,151.169009943936,0.01,1,1,0,0.5,FALSE,FALSE,TRUE,800,19,"Null posterior-mean R",-0.000804006818061023,11.5056963596326,8.2138210043392
393.756851414829,660.330239822669,0.001,2,2,0,1,TRUE,FALSE,TRUE,800,19,"collapsed-R",-0.000804006818061023,11.5056963596326,8.2138210043392
423.691450441871,603.336625429225,0.001,2,2,0,1,TRUE,FALSE,TRUE,800,19,"AIW-N",-0.000804006818061023,11.5056963596326,8.2138210043392
233.276828981389,233.276828981389,0.01,2,2,0,1,TRUE,FALSE,TRUE,800,20,"Null posterior-mean R",9.64080707656645e-05,11.5081968372995,8.22068398092406
404.674095360219,678.638457919088,0.001,2,2,0,1,TRUE,FALSE,TRUE,800,20,"collapsed-R",9.64080707656645e-05,11.5081968372995,8.22068398092406
397.605403550245,566.190094655549,0.001,2,1,1,0.5,FALSE,FALSE,TRUE,800,20,"AIW-N",9.64080707656645e-05,11.5081968372995,8.22068398092406
