"coverage","power","mean_reported_L","false_sets","fallback_frequency","mean_causal_pip","convergence_frequency","median_seconds","median_raw_eta0","median_eta0_used","median_lambda","ld_rmse","ld_correlation","coverage_lower","coverage_upper","power_lower","power_upper","mean_reported_L_lower","mean_reported_L_upper","false_sets_lower","false_sets_upper","fallback_frequency_lower","fallback_frequency_upper","mean_causal_pip_lower","mean_causal_pip_upper","ld_rmse_lower","ld_rmse_upper","T_generations","N0","method","panels"
1,1,2,0,0,0.835009132117285,1,0.196,NA,NA,NA,0.0988696872432877,0.853461862946054,1,1,1,1,2,2,0,0,0,0,0.732153842233118,0.929967862348929,0.096100541083558,0.101595217994539,1,100,"SuSiE-RSS: in-sample R",8
0.352941176470588,0.75,4.25,2.75,0,0.593082733157583,1,0.0300000000000002,NA,NA,NA,0.0988696872432877,0.853461862946054,0.222222222222222,0.470588235294118,0.5,1,3.75,4.625,2.125,3.375,0,0,0.37968419274343,0.773456129049876,0.0960501662389044,0.101628019391835,1,100,"SuSiE-RSS: reference R0",8
1,0.5,1,0,1,0.345040948981817,1,0.596,1.30560616102185,2.18950153203365,0.01,0.0988696872432877,0.853461862946054,1,1,0.5,0.5,1,1,0,0,1,1,0.19801262951984,0.453124903926699,0.0961158448018104,0.101603629193378,1,100,"collapsed-R",8
1,0.5,1,0,1,0.345040948981817,1,1.262,5.36744383765539,7.64324002482128,0.01,0.0988696872432877,0.853461862946054,1,1,0.5,0.5,1,1,0,0,1,1,0.196444728044466,0.453124903926065,0.0960226541151602,0.101422894975582,1,100,"AIW-N",8
1,1,2,0,0,0.801207857501931,1,0.199,NA,NA,NA,0.100613221841844,0.843478371065121,1,1,1,1,2,2,0,0,0,0,0.64875536529017,0.933822558361844,0.0984716239248669,0.102709698291318,50,100,"SuSiE-RSS: in-sample R",8
0.382352941176471,0.8125,4.25,2.625,0,0.749673227274525,1,0.0275000000000001,NA,NA,NA,0.100613221841844,0.843478371065121,0.282051282051282,0.516129032258065,0.625,0.9375,3.5,4.875,1.75,3.375,0,0,0.583845715778679,0.926798796447715,0.0985352658941705,0.10266762863406,50,100,"SuSiE-RSS: reference R0",8
1,0.5,1,0,1,0.390313158501381,1,0.5705,1.55597960946234,2.60937780506833,0.01,0.100613221841844,0.843478371065121,1,1,0.5,0.5,1,1,0,0,1,1,0.270132455504457,0.494269606154196,0.098511957073666,0.102640724181046,50,100,"collapsed-R",8
1,0.5,1,0,1,0.390313158501381,1,1.271,4.91410197793036,6.99768121657284,0.01,0.100613221841844,0.843478371065121,1,1,0.5,0.5,1,1,0,0,1,1,0.255854265519298,0.499798228018483,0.0985681968552024,0.102622598390798,50,100,"AIW-N",8
1,1,2,0,0,0.754601350829556,1,0.1975,NA,NA,NA,0.106733094326987,0.810902009987362,1,1,1,1,2,2,0,0,0,0,0.654667229938654,0.874734467927919,0.10474760513477,0.108679452908584,200,100,"SuSiE-RSS: in-sample R",8
0.382352941176471,0.8125,4.25,2.625,0,0.659163980594309,1,0.0385000000000002,NA,NA,NA,0.106733094326987,0.810902009987362,0.282051282051282,0.517273307790549,0.625,0.9375,3.5,4.875,1.75,3.375,0,0,0.540818396408667,0.781470625674993,0.104731006179307,0.108663372724596,200,100,"SuSiE-RSS: reference R0",8
1,0.5,1,0,1,0.355786870181661,1,0.5775,1,1.677,0.01,0.106733094326987,0.810902009987362,1,1,0.5,0.5,1,1,0,0,1,1,0.214847708832352,0.46857322608554,0.104895704808245,0.108571399013712,200,100,"collapsed-R",8
1,0.5,1,0,1,0.355786870181661,1,1.343,3.00036848362014,4.27252472067508,0.01,0.106733094326987,0.810902009987362,1,1,0.5,0.5,1,1,0,0,1,1,0.212206664112079,0.498603508470672,0.104606717437754,0.108497845156582,200,100,"AIW-N",8
1,1,2,0,0,0.584044930499397,1,0.2085,NA,NA,NA,0.118149232018514,0.719642535230515,1,1,1,1,2,2,0,0,0,0,0.433410658249061,0.736174967454597,0.11652812367816,0.12003914697644,1000,100,"SuSiE-RSS: in-sample R",8
0.394736842105263,0.9375,4.75,2.875,0,0.612580037654313,1,0.0329999999999999,NA,NA,NA,0.118149232018514,0.719642535230515,0.351351351351351,0.432432432432432,0.8125,1,4.375,5,2.625,3,0,0,0.434383427562323,0.776725449050926,0.116433858670642,0.120089103371968,1000,100,"SuSiE-RSS: reference R0",8
1,0.5,1,0,1,0.306144857807672,1,0.5675,1,1.677,0.01,0.118149232018514,0.719642535230515,1,1,0.5,0.5,1,1,0,0,1,1,0.193742420381189,0.42278239703108,0.116438190691955,0.119948990226819,1000,100,"collapsed-R",8
1,0.5,1,0,1,0.306144857807672,1,1.312,1.78272873773544,2.53860572253526,0.01,0.118149232018514,0.719642535230515,1,1,0.5,0.5,1,1,0,0,1,1,0.192446981328389,0.415248491691305,0.116330830288808,0.120020079924045,1000,100,"AIW-N",8
1,1,2,0,0,0.956884071839907,1,0.2025,NA,NA,NA,0.132017330425417,0.529461962893657,1,1,1,1,2,2,0,0,0,0,0.87985274798988,0.997719007533161,0.130863526227542,0.133163223178073,5000,100,"SuSiE-RSS: in-sample R",8
0.342105263157895,0.8125,4.75,3.125,0,0.812179745394588,1,0.0259999999999994,NA,NA,NA,0.132017330425417,0.529461962893657,0.277777777777778,0.384615384615385,0.625,0.9375,4.375,5,3,3.375,0,0,0.625002626784172,0.937501300751257,0.130918914084327,0.133162769552659,5000,100,"SuSiE-RSS: reference R0",8
1,0.5,1,0,1,0.496371258408153,1,0.577999999999999,1,1.677,0.01,0.132017330425417,0.529461962893657,1,1,0.5,0.5,1,1,0,0,1,1,0.491497225416069,0.499930120946558,0.130888289704857,0.133167913237808,5000,100,"collapsed-R",8
1,0.5,1,0,1,0.496371258408153,1,1.285,1.26594909653931,1.80271151347198,0.01,0.132017330425417,0.529461962893657,1,1,0.5,0.5,1,1,0,0,1,1,0.491567104349797,0.499930120946558,0.130937147092365,0.133163043560456,5000,100,"AIW-N",8
1,1,2,0,0,0.835009132117285,1,0.196,NA,NA,NA,0.0467260422809729,0.961479346669067,1,1,1,1,2,2,0,0,0,0,0.733603007959873,0.924615142149663,0.0460603742759297,0.0474060755447246,1,500,"SuSiE-RSS: in-sample R",8
0.875,0.875,2,0.25,0,0.680720760302078,1,0.0145,NA,NA,NA,0.0467260422809729,0.961479346669067,0.625,1,0.625,1,2,2,0,0.75,0,0,0.457293840335219,0.872576246684443,0.0461067078467253,0.0474166487768144,1,500,"SuSiE-RSS: reference R0",8
1,0.9375,1.875,0,0.125,0.693561530834561,1,0.8715,77.4747744792812,129.925196801755,0.004,0.0467260422809729,0.961479346669067,1,1,0.8125,1,1.625,2,0,0,0,0.375,0.611774420361398,0.77319340599389,0.0461000515822283,0.0474575755035703,1,500,"collapsed-R",8
1,0.9375,1.875,0,0.125,0.764662341575581,1,1.082,130.414389973906,185.710091322842,0.004,0.0467260422809729,0.961479346669067,1,1,0.8125,1,1.625,2,0,0,0,0.375,0.650747334940627,0.879758691878877,0.0461353006980394,0.0474590865711366,1,500,"AIW-N",8
1,1,2,0,0,0.801207857501931,1,0.199,NA,NA,NA,0.0517836190455862,0.951076158320289,1,1,1,1,2,2,0,0,0,0,0.657592423418937,0.934493374181132,0.0501679447701716,0.053275607538243,50,500,"SuSiE-RSS: in-sample R",8
0.941176470588235,1,2.125,0.125,0,0.824344200379836,1,0.0125000000000006,NA,NA,NA,0.0517836190455862,0.951076158320289,0.842105263157895,1,1,1,2,2.375,0,0.375,0,0,0.678393537571646,0.946224409238183,0.0502310756546546,0.0534211155929979,50,500,"SuSiE-RSS: reference R0",8
1,0.875,1.75,0,0.25,0.662495106609998,1,0.757,56.2649967794468,94.3563995991321,0.003,0.0517836190455862,0.951076158320289,1,1,0.6875,1,1.375,2,0,0,0,0.625,0.498215616910326,0.836158291569162,0.0502313177238346,0.0533553471949876,50,500,"collapsed-R",8
1,1,2,0,0,0.840309962969505,1,1.0645,132.046938160936,188.034839941174,0.004,0.0517836190455862,0.951076158320289,1,1,1,1,2,2,0,0,0,0,0.696582635516195,0.968994494079302,0.0501516622255899,0.0532970769124296,50,500,"AIW-N",8
1,1,2,0,0,0.754601350829556,1,0.1975,NA,NA,NA,0.0615239721053556,0.925159455871143,1,1,1,1,2,2,0,0,0,0,0.654982630100533,0.874515853166001,0.0600980587583856,0.0630092249615701,200,500,"SuSiE-RSS: in-sample R",8
0.714285714285714,0.9375,2.625,0.75,0,0.73647083585794,1,0.0169999999999999,NA,NA,NA,0.0615239721053556,0.925159455871143,0.5,0.941176470588235,0.8125,1,2.125,3.25,0.125,1.625,0,0,0.619484403810842,0.855107498899342,0.0598711928109871,0.0629857986786013,200,500,"SuSiE-RSS: reference R0",8
1,0.75,1.5,0,0.5,0.521936467894431,1,0.5475,55.552084840819,93.1608462780535,0.007,0.0615239721053556,0.925159455871143,1,1,0.5625,0.9375,1.125,1.875,0,0,0.125,0.875,0.340775840743119,0.692002444029554,0.0600224370276125,0.06311588318354,200,500,"collapsed-R",8
1,0.9375,1.875,0,0.125,0.678019518045866,1,1.0995,96.4579987873317,137.35619027316,0.007,0.0615239721053556,0.925159455871143,1,1,0.8125,1,1.625,2,0,0,0,0.375,0.518261456014983,0.830422009805206,0.0599355186118559,0.0630055820142654,200,500,"AIW-N",8
1,1,2,0,0,0.584044930499397,1,0.2085,NA,NA,NA,0.0805305468886138,0.840235269047136,1,1,1,1,2,2,0,0,0,0,0.436756633106414,0.739038497956558,0.0792965429690908,0.0818019975624019,1000,500,"SuSiE-RSS: in-sample R",8
0.761904761904762,1,2.625,0.625,0,0.609240216139262,1,0.0189999999999997,NA,NA,NA,0.0805305468886138,0.840235269047136,0.64,0.941176470588235,1,1,2.125,3.125,0.125,1.125,0,0,0.470906696863526,0.764283802905826,0.0792428079317518,0.0818899085715203,1000,500,"SuSiE-RSS: reference R0",8
1,0.5,1,0,1,0.306144857807672,1,0.3935,20.6287472485164,34.594409135762,0.01,0.0805305468886138,0.840235269047136,1,1,0.5,0.5,1,1,0,0,1,1,0.199634195822421,0.406467795740655,0.0792457152202313,0.0817912777502307,1000,500,"collapsed-R",8
1,0.6875,1.375,0,0.625,0.368658115091,1,1.1555,31.0916759319579,44.274546527108,0.01,0.0805305468886138,0.840235269047136,1,1,0.5625,0.875,1.125,1.75,0,0,0.25,0.875,0.22625844551814,0.522645157125447,0.0791945278850285,0.0818327905968941,1000,500,"AIW-N",8
1,1,2,0,0,0.956884071839907,1,0.2025,NA,NA,NA,0.0977138161185633,0.660894254413951,1,1,1,1,2,2,0,0,0,0,0.879438287856381,0.997697255351144,0.0959712625289406,0.0994124555438757,5000,500,"SuSiE-RSS: in-sample R",8
0.46875,0.9375,4,2.125,0,0.929897370371144,1,0.0204999999999993,NA,NA,NA,0.0977138161185633,0.660894254413951,0.416666666666667,0.533333333333333,0.8125,1,3.5,4.5,1.75,2.5,0,0,0.805387148609125,0.999292854817086,0.0960534364101024,0.0993027005025073,5000,500,"SuSiE-RSS: reference R0",8
1,0.5,1,0,1,0.496371258408153,1,0.351,7.47166212113406,12.5299773771418,0.01,0.0977138161185633,0.660894254413951,1,1,0.5,0.5,1,1,0,0,1,1,0.491567104396214,0.499930120907761,0.0961333048212408,0.0994248765704195,5000,500,"collapsed-R",8
1,0.5,1,0,1,0.496371258408153,1,1.1735,12.8039108287714,18.2327690201705,0.01,0.0977138161185633,0.660894254413951,1,1,0.5,0.5,1,1,0,0,1,1,0.491567104349797,0.499930120939923,0.0960246979556832,0.099288539487198,5000,500,"AIW-N",8
1,1,2,0,0,0.835009132117285,1,0.196,NA,NA,NA,0.029842608288412,0.983826307127202,1,1,1,1,2,2,0,0,0,0,0.727823485392164,0.929968097030308,0.0292736166272412,0.0303193345512283,1,2000,"SuSiE-RSS: in-sample R",8
1,1,2,0,0,0.830367708283595,1,0.0135000000000005,NA,NA,NA,0.029842608288412,0.983826307127202,1,1,1,1,2,2,0,0,0,0,0.717771564230689,0.926665275209307,0.0292869917537886,0.0303405610249102,1,2000,"SuSiE-RSS: reference R0",8
1,0.9375,1.875,0,0.125,0.732173738097539,1,0.8945,239.224524623375,401.179527793399,0.00055,0.029842608288412,0.983826307127202,1,1,0.8125,1,1.625,2,0,0,0,0.375,0.62888430274821,0.83133204120267,0.0292859455579858,0.0303318876602964,1,2000,"collapsed-R",8
1,1,2,0,0,0.830243283125567,1,1.0075,267.420260167229,380.806450478134,0.00055,0.029842608288412,0.983826307127202,1,1,1,1,2,2,0,0,0,0,0.720672981764491,0.929850778221392,0.0292827925738328,0.0303561273790005,1,2000,"AIW-N",8
1,1,2,0,0,0.801207857501931,1,0.199,NA,NA,NA,0.0367479148972844,0.9744467030005,1,1,1,1,2,2,0,0,0,0,0.646572092895058,0.925953764177632,0.0354841112160743,0.0379970119525406,50,2000,"SuSiE-RSS: in-sample R",8
1,1,2,0,0,0.823824004632097,1,0.0130000000000004,NA,NA,NA,0.0367479148972844,0.9744467030005,1,1,1,1,2,2,0,0,0,0,0.670709321575319,0.943492951695472,0.0354815637741337,0.0380572009714032,50,2000,"SuSiE-RSS: reference R0",8
1,1,2,0,0,0.76877359597884,1,0.971,261.758525707323,438.96904761118,0.001,0.0367479148972844,0.9744467030005,1,1,1,1,2,2,0,0,0,0,0.632382541508167,0.889457248861892,0.0355225884254332,0.0380116762097332,50,2000,"collapsed-R",8
1,1,2,0,0,0.823709835991558,1,0.979,311.294268071008,443.283037733114,0.001,0.0367479148972844,0.9744467030005,1,1,1,1,2,2,0,0,0,0,0.681280014522487,0.94702093874669,0.0355086535302717,0.0380107045152217,50,2000,"AIW-N",8
1,1,2,0,0,0.754601350829556,1,0.1975,NA,NA,NA,0.0482899846767523,0.952290099556656,1,1,1,1,2,2,0,0,0,0,0.648415566906105,0.868274201398103,0.0467873908120966,0.0497549973487394,200,2000,"SuSiE-RSS: in-sample R",8
1,1,2,0,0,0.735936770065144,1,0.0155000000000012,NA,NA,NA,0.0482899846767523,0.952290099556656,1,1,1,1,2,2,0,0,0,0,0.620076251731469,0.856380427072402,0.046648587843932,0.0497790243774749,200,2000,"SuSiE-RSS: reference R0",8
1,1,2,0,0,0.720059932681035,1,0.6795,113.590371436724,190.491052899386,0.001,0.0482899846767523,0.952290099556656,1,1,1,1,2,2,0,0,0,0,0.592570317783587,0.843757136024109,0.0467230200668768,0.0498054311177416,200,2000,"collapsed-R",8
1,1,2,0,0,0.740508321998898,1,1.084,165.403282916695,235.534274873373,0.001,0.0482899846767523,0.952290099556656,1,1,1,1,2,2,0,0,0,0,0.626487374339579,0.858084845660322,0.0466482404251887,0.0497327199235822,200,2000,"AIW-N",8
1,1,2,0,0,0.584044930499397,1,0.2085,NA,NA,NA,0.0716488582729786,0.868726912139023,1,1,1,1,2,2,0,0,0,0,0.435564658791084,0.741972842953662,0.0703720454884018,0.0734148191356995,1000,2000,"SuSiE-RSS: in-sample R",8
0.842105263157895,1,2.375,0.375,0,0.592138309233707,1,0.0145000000000008,NA,NA,NA,0.0716488582729786,0.868726912139023,0.727272727272727,0.941176470588235,1,1,2.125,2.75,0.125,0.75,0,0,0.429203816606353,0.754206452004956,0.0703264959562522,0.0733879527804734,1000,2000,"SuSiE-RSS: reference R0",8
1,0.625,1.25,0,0.75,0.364411268204476,1,0.615499999999999,33.8161454192946,56.7096758681571,0.0015,0.0716488582729786,0.868726912139023,1,1,0.5,0.8125,1,1.625,0,0,0.375,1,0.221923377574288,0.518726046599422,0.0703831582282383,0.073412512259323,1000,2000,"collapsed-R",8
1,0.875,1.75,0,0.25,0.512083961775744,1,1.0275,63.6897715993258,90.6942347574399,0.003,0.0716488582729786,0.868726912139023,1,1,0.6875,1,1.375,2,0,0,0,0.625,0.339208485767522,0.69637395182906,0.0703405973684725,0.073458142301939,1000,2000,"AIW-N",8
1,1,2,0,0,0.956884071839907,1,0.2025,NA,NA,NA,0.0897613274279571,0.698025339468187,1,1,1,1,2,2,0,0,0,0,0.879763719956045,0.997750862724562,0.0880900345509666,0.091575156387171,5000,2000,"SuSiE-RSS: in-sample R",8
0.555555555555556,0.9375,3.375,1.5,0,0.934127232661616,1,0.0285000000000002,NA,NA,NA,0.0897613274279571,0.698025339468187,0.454545454545455,0.714285714285714,0.8125,1,2.5,4.25,0.75,2.25,0,0,0.809305321105181,0.998956156451276,0.0880892853907738,0.0916193033831907,5000,2000,"SuSiE-RSS: reference R0",8
1,0.5,1,0,1,0.496371258408153,1,0.467,21.9036907914386,36.7324894572426,0.01,0.0897613274279571,0.698025339468187,1,1,0.5,0.5,1,1,0,0,1,1,0.491497225416069,0.499930120953533,0.0881311099218715,0.091610920370543,5000,2000,"collapsed-R",8
1,0.5,1,0,1,0.496371258408153,1,1.159,26.2973283083687,37.447395511117,0.01,0.0897613274279571,0.698025339468187,1,1,0.5,0.5,1,1,0,0,1,1,0.491567104449266,0.499930120946558,0.0881309855480905,0.0914712327749143,5000,2000,"AIW-N",8
