J,panel_seed,true_eta0,true_L,true_lambda,h2,N,N0,causal,maximum_abs_causal_ld,minimum_expected_abs_z,maximum_expected_abs_z,achieved_h2,method,raw_eta0,selected_lambda,selected_model_L,raw_pure_L,eta0_boundary,converged,fit_seconds,finite_eta0,log_ratio,log_J_centered,calibration_group
100,51,20,1,0.001,0.001,200000,2000,25,0,14.142135623731,14.142135623731,0.001,AIW-N,4.38204631999998,0.002,1,1,interior,TRUE,0.374,TRUE,1.51821646192084,-1.6094379124341,100:51
100,51,20,2,0.001,0.001,200000,2000,25;73,0.00495541967659688,8.18212236447001,11.4941672516879,0.001,AIW-N,2.85701547946828,0.004,1,1,interior,TRUE,0.321999999999999,TRUE,1.94595473223523,-1.6094379124341,100:51
100,51,20,3,0.001,0.001,200000,2000,25;73;65,0.0235257267062288,4.3529829921615,10.8291819120211,0.001,AIW-N,2.8911896819692,0.006,1,0,interior,TRUE,0.351,TRUE,1.93406420147556,-1.6094379124341,100:51
100,51,50,1,0.001,0.001,200000,2000,25,0,14.142135623731,14.142135623731,0.001,AIW-N,47.3915971530852,0.002,1,1,interior,TRUE,0.251000000000001,TRUE,0.0535780676935969,-1.6094379124341,100:51
100,51,50,2,0.001,0.001,200000,2000,25;75,0.0103745536950517,8.29871757235722,11.5367362074055,0.001,AIW-N,59.5582345351001,0.004,2,2,interior,TRUE,0.334000000000001,TRUE,-0.174931560160224,-1.6094379124341,100:51
100,51,50,3,0.001,0.001,200000,2000,25;75;52,0.0507346492857165,5.45337753629748,10.8977454436289,0.001,AIW-N,44.8252923931126,0.002,2,2,interior,TRUE,0.251999999999999,TRUE,0.109250462966309,-1.6094379124341,100:51
100,51,100,1,0.001,0.001,200000,2000,25,0,14.142135623731,14.142135623731,0.001,AIW-N,69.4339534068889,0.001,1,1,interior,TRUE,0.244,TRUE,0.364794195941074,-1.6094379124341,100:51
100,51,100,2,0.001,0.001,200000,2000,25;50,0.00155214020517341,8.23177039097512,11.5122393557708,0.001,AIW-N,188.599099423046,0.008,5,2,interior,TRUE,0.236999999999998,TRUE,-0.634453409136482,-1.6094379124341,100:51
100,51,100,3,0.001,0.001,200000,2000,25;50;92,0.0815596321986741,5.71661351163437,10.8204344803374,0.001,AIW-N,132.427998752479,0.01,3,3,interior,TRUE,0.263999999999999,TRUE,-0.280868906098163,-1.6094379124341,100:51
100,51,200,1,0.001,0.001,200000,2000,25,0,14.142135623731,14.142135623731,0.001,AIW-N,268.704823066119,0.004,1,1,interior,TRUE,0.206,TRUE,-0.295296098544319,-1.6094379124341,100:51
100,51,200,2,0.001,0.001,200000,2000,25;92,0.00353966324320737,8.2468884445636,11.5177584495678,0.001,AIW-N,580.818205482397,0.004,3,2,interior,TRUE,0.281000000000002,TRUE,-1.06612044199883,-1.6094379124341,100:51
100,51,200,3,0.001,0.001,200000,2000,25;92;68,0.0237458147220119,4.75295543345596,10.9583195540012,0.001,AIW-N,448.176323315571,0.01,5,3,interior,TRUE,0.239000000000001,TRUE,-0.806869367264517,-1.6094379124341,100:51
100,51,500,1,0.001,0.001,200000,2000,25,0,14.142135623731,14.142135623731,0.001,AIW-N,360.043050923065,0.001,5,1,interior,TRUE,0.228999999999999,TRUE,0.328384488224456,-1.6094379124341,100:51
100,51,500,2,0.001,0.001,200000,2000,25;90,0.00233493771702196,8.23772724438036,11.5144131097349,0.001,AIW-N,745.571382724446,0.002,5,2,interior,TRUE,0.244999999999997,TRUE,-0.399542782673499,-1.6094379124341,100:51
100,51,500,3,0.001,0.001,200000,2000,25;90;43,0.0509592562572754,4.0973095353477,10.9370780596807,0.001,AIW-N,Inf,0.004,3,2,normal_limit,TRUE,0.327000000000002,FALSE,-Inf,-1.6094379124341,100:51
100,51,1000,1,0.001,0.001,200000,2000,25,0,14.142135623731,14.142135623731,0.001,AIW-N,407.237692778596,0.001,1,1,interior,TRUE,0.208000000000002,TRUE,0.898358252267009,-1.6094379124341,100:51
100,51,1000,2,0.001,0.001,200000,2000,25;50,0.00481586830532941,8.18318943978038,11.4945548201723,0.001,AIW-N,429.254291775299,0.002,2,2,interior,TRUE,0.249000000000002,TRUE,0.84570578094283,-1.6094379124341,100:51
100,51,1000,3,0.001,0.001,200000,2000,25;50;73,0.121736494358914,3.44184849683843,10.6183507650289,0.001,AIW-N,455.133327014357,0.002,3,3,interior,TRUE,0.227999999999998,TRUE,0.787164876549858,-1.6094379124341,100:51
100,51,2000,1,0.001,0.001,200000,2000,25,0,14.142135623731,14.142135623731,0.001,AIW-N,1434.39690613523,0.001,5,1,interior,TRUE,0.256,TRUE,0.332402694158652,-1.6094379124341,100:51
100,51,2000,2,0.001,0.001,200000,2000,25;43,0.0021976266535276,8.23668258556812,11.5140318125011,0.001,AIW-N,1151.31370176325,0.001,5,2,interior,TRUE,0.259,TRUE,0.552243540809986,-1.6094379124341,100:51
100,51,2000,3,0.001,0.001,200000,2000,25;43;83,0.0618549761762576,4.03764222711358,10.7566447837052,0.001,AIW-N,1016.33660754478,0.001,5,3,interior,TRUE,0.231000000000002,TRUE,0.676942579635018,-1.6094379124341,100:51
100,51,5000,1,0.001,0.001,200000,2000,25,0,14.142135623731,14.142135623731,0.001,AIW-N,Inf,0.002,4,1,normal_limit,TRUE,0.230000000000004,FALSE,-Inf,-1.6094379124341,100:51
100,51,5000,2,0.001,0.001,200000,2000,25;46,2.74283237783773e-05,8.21974035626055,11.507852942628,0.001,AIW-N,Inf,0.004,5,2,normal_limit,TRUE,0.247,FALSE,-Inf,-1.6094379124341,100:51
100,51,5000,3,0.001,0.001,200000,2000,25;46;92,0.102550842313654,3.46312140656814,10.9877417774763,0.001,AIW-N,Inf,0.004,5,3,normal_limit,TRUE,0.270000000000003,FALSE,-Inf,-1.6094379124341,100:51
100,52,20,1,0.001,0.001,200000,2000,25,0,14.142135623731,14.142135623731,0.001,AIW-N,27.0229977220473,0.01,1,1,interior,TRUE,0.577,TRUE,-0.300955997385505,-1.6094379124341,100:52
100,52,20,2,0.001,0.001,200000,2000,25;8,0.00340968349327409,8.24590040098971,11.5173975195789,0.001,AIW-N,17.0763931602471,0.01,1,1,interior,TRUE,0.389,TRUE,0.158035280781426,-1.6094379124341,100:52
100,52,20,3,0.001,0.001,200000,2000,25;8;90,0.00726130043871736,4.69022569744983,10.8993383633901,0.001,AIW-N,14.5496440030087,0.01,1,1,interior,TRUE,0.394,TRUE,0.318165747382983,-1.6094379124341,100:52
100,52,50,1,0.001,0.001,200000,2000,25,0,14.142135623731,14.142135623731,0.001,AIW-N,32.2424712144575,0.001,1,1,interior,TRUE,0.334,TRUE,0.43873844015472,-1.6094379124341,100:52
100,52,50,2,0.001,0.001,200000,2000,25;61,0.00431847335806067,8.18699189696438,11.495936201256,0.001,AIW-N,20.6849454895623,0.001,1,1,interior,TRUE,0.248000000000001,TRUE,0.882616840782334,-1.6094379124341,100:52
100,52,50,3,0.001,0.001,200000,2000,25;61;8,0.0434482192197275,4.96377085469974,10.9691127137826,0.001,AIW-N,19.44196168522,0.002,1,1,interior,TRUE,0.294000000000001,TRUE,0.944589301753359,-1.6094379124341,100:52
100,52,100,1,0.001,0.001,200000,2000,25,0,14.142135623731,14.142135623731,0.001,AIW-N,43.5422894519323,0.001,1,1,interior,TRUE,0.238000000000001,TRUE,0.831437548837143,-1.6094379124341,100:52
100,52,100,2,0.001,0.001,200000,2000,25;43,0.00769403337479173,8.27842062140731,11.5292938343529,0.001,AIW-N,13.9624940187385,1e-04,1,1,interior,TRUE,0.306000000000001,TRUE,1.96879544997328,-1.6094379124341,100:52
100,52,100,3,0.001,0.001,200000,2000,25;43;8,0.0402072518142409,4.06408193238178,10.9131638561163,0.001,AIW-N,12.4664838556047,1e-04,1,1,interior,TRUE,0.321999999999999,TRUE,2.08212643433216,-1.6094379124341,100:52
100,52,200,1,0.001,0.001,200000,2000,25,0,14.142135623731,14.142135623731,0.001,AIW-N,144.953697649333,0.002,1,1,interior,TRUE,0.207999999999998,TRUE,0.321903001679368,-1.6094379124341,100:52
100,52,200,2,0.001,0.001,200000,2000,25;86,0.0051621439143549,8.25921418693076,11.522263697162,0.001,AIW-N,106.391583759311,0.004,5,2,interior,TRUE,0.253,TRUE,0.631190892775538,-1.6094379124341,100:52
100,52,200,3,0.001,0.001,200000,2000,25;86;10,0.0442030241687705,5.32348857899709,10.8944136554371,0.001,AIW-N,92.2209152320492,0.004,2,2,interior,TRUE,0.257999999999999,TRUE,0.774130415376638,-1.6094379124341,100:52
100,52,500,1,0.001,0.001,200000,2000,25,0,14.142135623731,14.142135623731,0.001,AIW-N,398.233687438811,0.004,5,1,interior,TRUE,0.227,TRUE,0.227569111076564,-1.6094379124341,100:52
100,52,500,2,0.001,0.001,200000,2000,25;57,0.00984844363929161,8.14464107315293,11.4805776140528,0.001,AIW-N,406.315793386343,0.002,5,2,interior,TRUE,0.286000000000001,TRUE,0.207477424940209,-1.6094379124341,100:52
100,52,500,3,0.001,0.001,200000,2000,25;57;10,0.0603385412040658,4.98339489062554,11.0277235342038,0.001,AIW-N,404.381469063211,0.002,5,3,interior,TRUE,0.294999999999998,TRUE,0.212249435611622,-1.6094379124341,100:52
100,52,1000,1,0.001,0.001,200000,2000,25,0,14.142135623731,14.142135623731,0.001,AIW-N,657.54228683006,0.001,5,1,interior,TRUE,0.227,TRUE,0.419246202427877,-1.6094379124341,100:52
100,52,1000,2,0.001,0.001,200000,2000,25;45,0.0269149595844805,8.01287587531423,11.4331727298242,0.001,AIW-N,521.502069786155,0.001,4,2,interior,TRUE,0.250999999999998,TRUE,0.651042035639972,-1.6094379124341,100:52
100,52,1000,3,0.001,0.001,200000,2000,25;45;83,0.0439728466465086,4.74362211004435,10.9345674609158,0.001,AIW-N,447.781281018719,0.001,5,2,interior,TRUE,0.233999999999995,TRUE,0.803450377793227,-1.6094379124341,100:52
100,52,2000,1,0.001,0.001,200000,2000,25,0,14.142135623731,14.142135623731,0.001,AIW-N,708.345658906778,0.001,1,1,interior,TRUE,0.225000000000001,TRUE,1.0379702661935,-1.6094379124341,100:52
100,52,2000,2,0.001,0.001,200000,2000,25;45,0.00698120000611051,8.16662039548162,11.4885410674781,0.001,AIW-N,306.13523086238,0.001,4,2,interior,TRUE,0.295000000000002,TRUE,1.8768755242896,-1.6094379124341,100:52
100,52,2000,3,0.001,0.001,200000,2000,25;45;61,0.0709660570399556,5.51134209890412,10.9321285898907,0.001,AIW-N,895.349877525359,0.001,5,3,interior,TRUE,0.401000000000003,TRUE,0.803687893049004,-1.6094379124341,100:52
100,52,5000,1,0.001,0.001,200000,2000,25,0,14.142135623731,14.142135623731,0.001,AIW-N,Inf,0.001,1,1,normal_limit,TRUE,0.229000000000006,FALSE,-Inf,-1.6094379124341,100:52
100,52,5000,2,0.001,0.001,200000,2000,25;45,0.00865667183709935,8.15378224140373,11.4838876665915,0.001,AIW-N,Inf,0.001,2,2,normal_limit,TRUE,0.264000000000003,FALSE,-Inf,-1.6094379124341,100:52
100,52,5000,3,0.001,0.001,200000,2000,25;45;61,0.0518844595232308,5.16068253546249,10.9405869928021,0.001,AIW-N,Inf,0.001,3,3,normal_limit,TRUE,0.290999999999997,FALSE,-Inf,-1.6094379124341,100:52
250,51,20,1,0.001,0.001,200000,2000,62,0,14.142135623731,14.142135623731,0.001,AIW-N,23.6060847216017,0.006,1,1,interior,TRUE,0.727,TRUE,-0.165772232432369,-0.693147180559945,250:51
250,51,20,2,0.001,0.001,200000,2000,62;118,0.00122220226765031,8.21063202974358,11.5045350048351,0.001,AIW-N,19.2800666318855,0.01,1,1,interior,TRUE,0.598999999999999,TRUE,0.0366605283669044,-0.693147180559945,250:51
250,51,20,3,0.001,0.001,200000,2000,62;118;184,0.0162380915403073,4.88236962441629,10.8743263873022,0.001,AIW-N,21.647929085581,0.01,1,1,interior,TRUE,0.563,TRUE,-0.0791775220736675,-0.693147180559945,250:51
250,51,50,1,0.001,0.001,200000,2000,62,0,14.142135623731,14.142135623731,0.001,AIW-N,34.3122834431765,0.001,1,1,interior,TRUE,0.581999999999999,TRUE,0.376519597488287,-0.693147180559945,250:51
250,51,50,2,0.001,0.001,200000,2000,62;139,0.000399746845792192,8.21690281912797,11.506819006239,0.001,AIW-N,26.1940399937998,0.004,1,1,interior,TRUE,0.554,TRUE,0.646491101691536,-0.693147180559945,250:51
250,51,50,3,0.001,0.001,200000,2000,62;139;209,0.0150338960532022,4.72136027796955,10.8274539306114,0.001,AIW-N,22.2771871369021,0.004,1,1,interior,TRUE,0.502999999999998,TRUE,0.808459848927216,-0.693147180559945,250:51
250,51,100,1,0.001,0.001,200000,2000,62,0,14.142135623731,14.142135623731,0.001,AIW-N,175.210028890802,0.006,5,2,interior,TRUE,0.569000000000001,TRUE,-0.560815233403317,-0.693147180559945,250:51
250,51,100,2,0.001,0.001,200000,2000,62;102,0.000803998887220095,8.22607419487976,11.510161807132,0.001,AIW-N,93.9040023812714,0.008,2,2,interior,TRUE,0.656000000000001,TRUE,0.0628971768135411,-0.693147180559945,250:51
250,51,100,3,0.001,0.001,200000,2000,62;102;185,0.0285342637637114,4.99197660137971,10.9052897311597,0.001,AIW-N,118.517646602199,0.008,3,3,interior,TRUE,0.516,TRUE,-0.169891679974389,-0.693147180559945,250:51
250,51,200,1,0.001,0.001,200000,2000,62,0,14.142135623731,14.142135623731,0.001,AIW-N,226.58812439045,0.004,5,1,interior,TRUE,0.553999999999999,TRUE,-0.124816572863398,-0.693147180559945,250:51
250,51,200,2,0.001,0.001,200000,2000,62;140,0.00283132526963927,8.24150290668917,11.5157915126907,0.001,AIW-N,163.341620162105,0.004,2,2,interior,TRUE,0.669000000000001,TRUE,0.202473529712128,-0.693147180559945,250:51
250,51,200,3,0.001,0.001,200000,2000,62;140;197,0.00659001187976033,4.72493283694819,10.8848553819177,0.001,AIW-N,109.860596598069,0.002,2,2,interior,TRUE,0.661000000000001,TRUE,0.599105108117914,-0.693147180559945,250:51
250,51,500,1,0.001,0.001,200000,2000,62,0,14.142135623731,14.142135623731,0.001,AIW-N,1405.14029348834,0.004,5,1,interior,TRUE,0.466000000000001,TRUE,-1.03328433137729,-0.693147180559945,250:51
250,51,500,2,0.001,0.001,200000,2000,62;151,0.00102574172489966,8.22776281253023,11.5107775783743,0.001,AIW-N,1731.49716902823,0.004,5,2,interior,TRUE,0.461000000000002,TRUE,-1.2421336304367,-0.693147180559945,250:51
250,51,500,3,0.001,0.001,200000,2000,62;151;106,0.0314388598396202,4.28191780287301,10.9019466789471,0.001,AIW-N,992.539829916372,0.004,5,3,interior,TRUE,0.585000000000001,TRUE,-0.685659044232039,-0.693147180559945,250:51
250,51,1000,1,0.001,0.001,200000,2000,62,0,14.142135623731,14.142135623731,0.001,AIW-N,1140.30196931561,0.002,3,1,interior,TRUE,0.431000000000001,TRUE,-0.13129311269504,-0.693147180559945,250:51
250,51,1000,2,0.001,0.001,200000,2000,62;110,0.00534109583678461,8.26057279997291,11.5227605948554,0.001,AIW-N,2059.36714989707,0.004,4,2,interior,TRUE,0.509,TRUE,-0.722398726815373,-0.693147180559945,250:51
250,51,1000,3,0.001,0.001,200000,2000,62;110;223,0.0209442499730921,4.31862882006392,10.8889696339244,0.001,AIW-N,511.523631407945,0.002,5,3,interior,TRUE,0.541,TRUE,0.670361494446617,-0.693147180559945,250:51
250,51,2000,1,0.001,0.001,200000,2000,62,0,14.142135623731,14.142135623731,0.001,AIW-N,1377.81211438738,0.001,5,1,interior,TRUE,0.471,TRUE,0.372650363862939,-0.693147180559945,250:51
250,51,2000,2,0.001,0.001,200000,2000,62;194,0.000651544365894871,8.21498338198111,11.5061197551348,0.001,AIW-N,2857.37130325705,0.001,5,2,interior,TRUE,0.5,TRUE,-0.356754896882379,-0.693147180559945,250:51
250,51,2000,3,0.001,0.001,200000,2000,62;194;119,0.0472545017647041,4.86615540512486,10.748755248931,0.001,AIW-N,3392.65414188523,0.001,3,3,interior,TRUE,0.470999999999997,TRUE,-0.528465367209988,-0.693147180559945,250:51
250,51,5000,1,0.001,0.001,200000,2000,62,0,14.142135623731,14.142135623731,0.001,AIW-N,2531.35912840979,0.001,5,1,interior,TRUE,0.478000000000002,TRUE,0.680681549032515,-0.693147180559945,250:51
250,51,5000,2,0.001,0.001,200000,2000,62;100,0.000183324151525151,8.21855232387332,11.5074200175064,0.001,AIW-N,1802.29134531017,0.001,5,2,interior,TRUE,0.511000000000003,TRUE,1.0203790874541,-0.693147180559945,250:51
250,51,5000,3,0.001,0.001,200000,2000,62;100;225,0.0169941194521122,4.43705797664221,10.8486167595349,0.001,AIW-N,1304.45287849519,0.001,4,2,interior,TRUE,0.521000000000001,TRUE,1.34365420976464,-0.693147180559945,250:51
250,52,20,1,0.001,0.001,200000,2000,62,0,14.142135623731,14.142135623731,0.001,AIW-N,16.6003851083231,0.008,1,1,interior,TRUE,0.651,TRUE,0.186306379164021,-0.693147180559945,250:52
250,52,20,2,0.001,0.001,200000,2000,62;23,0.00210485147880412,8.20389824445104,11.5020838042262,0.001,AIW-N,8.17439189085529,0.006,1,1,interior,TRUE,0.585999999999999,TRUE,0.894725945977202,-0.693147180559945,250:52
250,52,20,3,0.001,0.001,200000,2000,62;23;94,0.0350017358628738,4.461644755653,10.7521949686,0.001,AIW-N,7.80038418596772,0.004,1,1,interior,TRUE,0.635,TRUE,0.941559286460167,-0.693147180559945,250:52
250,52,50,1,0.001,0.001,200000,2000,62,0,14.142135623731,14.142135623731,0.001,AIW-N,26.5660842077245,0.002,1,1,interior,TRUE,0.57,TRUE,0.632387632967362,-0.693147180559945,250:52
250,52,50,2,0.001,0.001,200000,2000,62;34,0.00215723367084923,8.23637525767168,11.5139196455719,0.001,AIW-N,21.351022245349,0.002,1,1,interior,TRUE,0.619999999999999,TRUE,0.850923386555524,-0.693147180559945,250:52
250,52,50,3,0.001,0.001,200000,2000,62;34;207,0.00535824545713129,4.67306000815406,10.89210026596,0.001,AIW-N,18.0789151842438,0.002,1,1,interior,TRUE,0.638,TRUE,1.01727665313571,-0.693147180559945,250:52
250,52,100,1,0.001,0.001,200000,2000,62,0,14.142135623731,14.142135623731,0.001,AIW-N,40.7325742789092,0.002,1,1,interior,TRUE,0.593,TRUE,0.898142062816332,-0.693147180559945,250:52
250,52,100,2,0.001,0.001,200000,2000,62;221,0.0019688845483426,8.2049358180235,11.5024613998058,0.001,AIW-N,33.6494116119084,0.002,1,1,interior,TRUE,0.785,TRUE,1.08917461558044,-0.693147180559945,250:52
250,52,100,3,0.001,0.001,200000,2000,62;221;196,0.0171097943884984,4.82337471725594,10.8352292729344,0.001,AIW-N,36.9582725390021,0.002,1,1,interior,TRUE,0.804,TRUE,0.995380678970257,-0.693147180559945,250:52
250,52,200,1,0.001,0.001,200000,2000,62,0,14.142135623731,14.142135623731,0.001,AIW-N,122.315230556825,0.001,5,1,interior,TRUE,0.661000000000001,TRUE,0.491715797211086,-0.693147180559945,250:52
250,52,200,2,0.001,0.001,200000,2000,62;150,0.00106772209196494,8.22808247205437,11.5108941559221,0.001,AIW-N,181.177422378698,0.002,5,2,interior,TRUE,0.536000000000001,TRUE,0.0988405812615136,-0.693147180559945,250:52
250,52,200,3,0.001,0.001,200000,2000,62;150;199,0.0787941224722316,3.75934670631304,10.7514382399033,0.001,AIW-N,149.218948028571,0.002,2,2,interior,TRUE,0.586000000000002,TRUE,0.292902689331347,-0.693147180559945,250:52
250,52,500,1,0.001,0.001,200000,2000,62,0,14.142135623731,14.142135623731,0.001,AIW-N,1350.70282466713,0.004,3,1,interior,TRUE,0.498000000000001,TRUE,-0.993772248404005,-0.693147180559945,250:52
250,52,500,2,0.001,0.001,200000,2000,62;183,0.00050750840120761,8.22381594649949,11.5093384604367,0.001,AIW-N,507.788586175157,0.002,5,2,interior,TRUE,0.484999999999999,TRUE,-0.0154570935874192,-0.693147180559945,250:52
250,52,500,3,0.001,0.001,200000,2000,62;183;125,0.0189227243971831,4.72800995534856,10.8191250104773,0.001,AIW-N,485.321487073217,0.002,5,3,interior,TRUE,0.465,TRUE,0.0297965671345493,-0.693147180559945,250:52
250,52,1000,1,0.001,0.001,200000,2000,62,0,14.142135623731,14.142135623731,0.001,AIW-N,2276.91801281458,0.002,5,1,interior,TRUE,0.533000000000001,TRUE,-0.8228227797643,-0.693147180559945,250:52
250,52,1000,2,0.001,0.001,200000,2000,62;224,0.00186078317779807,8.23411946255508,11.5130964319262,0.001,AIW-N,1477.00344872026,0.002,3,2,interior,TRUE,0.502000000000002,TRUE,-0.390015338495914,-0.693147180559945,250:52
250,52,1000,3,0.001,0.001,200000,2000,62;224;23,0.0147118190827185,4.58791858692649,10.8219983091618,0.001,AIW-N,861.035280492012,0.002,2,2,interior,TRUE,0.553999999999995,TRUE,0.149619799212708,-0.693147180559945,250:52
250,52,2000,1,0.001,0.001,200000,2000,62,0,14.142135623731,14.142135623731,0.001,AIW-N,1382.50682665366,0.001,5,1,interior,TRUE,0.475999999999999,TRUE,0.369248788252786,-0.693147180559945,250:52
250,52,2000,2,0.001,0.001,200000,2000,62;214,0.000841144075543802,8.21353785000575,11.5055932275168,0.001,AIW-N,1094.79994229339,0.001,5,2,interior,TRUE,0.509,TRUE,0.602575535085287,-0.693147180559945,250:52
250,52,2000,3,0.001,0.001,200000,2000,62;214;23,0.0125272909700977,4.49332370102926,10.8728571751695,0.001,AIW-N,758.531576867943,0.001,2,2,interior,TRUE,0.57,TRUE,0.969518030943768,-0.693147180559945,250:52
250,52,5000,1,0.001,0.001,200000,2000,62,0,14.142135623731,14.142135623731,0.001,AIW-N,Inf,0.001,5,1,normal_limit,TRUE,0.471000000000004,FALSE,-Inf,-0.693147180559945,250:52
250,52,5000,2,0.001,0.001,200000,2000,62;124,0.00318438025092661,8.24418754051312,11.5167718913559,0.001,AIW-N,Inf,0.001,3,2,normal_limit,TRUE,0.488999999999997,FALSE,-Inf,-0.693147180559945,250:52
250,52,5000,3,0.001,0.001,200000,2000,62;124;172,0.0253559773603458,4.69153987703036,10.8001446983939,0.001,AIW-N,Inf,0.001,4,3,normal_limit,TRUE,0.470999999999997,FALSE,-Inf,-0.693147180559945,250:52
500,51,20,1,0.001,0.001,200000,2000,124,0,14.142135623731,14.142135623731,0.001,AIW-N,24.9119563659155,0.002,1,1,interior,TRUE,1.194,TRUE,-0.219615590007356,0,500:51
500,51,20,2,0.001,0.001,200000,2000,124;357,0.00216440441257585,8.20344376028293,11.5019184186929,0.001,AIW-N,10.060983549917,0.004,1,1,interior,TRUE,1.076,TRUE,0.687067345280003,0,500:51
500,51,20,3,0.001,0.001,200000,2000,124;357;59,0.00994416214715798,4.53406179616359,10.8488720676402,0.001,AIW-N,10.464954302619,0.004,1,1,interior,TRUE,1.06,TRUE,0.647700284352709,0,500:51
500,51,50,1,0.001,0.001,200000,2000,124,0,14.142135623731,14.142135623731,0.001,AIW-N,35.7159616634478,0.004,1,1,interior,TRUE,1.097,TRUE,0.336425311145692,0,500:51
500,51,50,2,0.001,0.001,200000,2000,124;168,0.00137119125474093,8.23039295729915,11.511736872967,0.001,AIW-N,46.8664104852158,0.006,2,2,interior,TRUE,1.213,TRUE,0.0647217809106806,0,500:51
500,51,50,3,0.001,0.001,200000,2000,124;168;364,0.0117092623667324,4.51696069211876,10.8825669819415,0.001,AIW-N,16.3798697600916,0.004,1,1,interior,TRUE,1.229,TRUE,1.11596987818919,0,500:51
500,51,100,1,0.001,0.001,200000,2000,124,0,14.142135623731,14.142135623731,0.001,AIW-N,100.783337922328,0.004,1,1,interior,TRUE,1.334,TRUE,-0.00780285759628896,0,500:51
500,51,100,2,0.001,0.001,200000,2000,124;204,0.000685585700015229,8.22517234595998,11.5098329772263,0.001,AIW-N,97.1565798367751,0.004,2,2,interior,TRUE,1.151,TRUE,0.0288462838243087,0,500:51
500,51,100,3,0.001,0.001,200000,2000,124;204;445,0.0133376619652911,4.85845643548354,10.8726538380824,0.001,AIW-N,80.3716995183643,0.004,2,2,interior,TRUE,1.115,TRUE,0.218508067808564,0,500:51
500,51,200,1,0.001,0.001,200000,2000,124,0,14.142135623731,14.142135623731,0.001,AIW-N,111.377089205521,0.001,5,1,interior,TRUE,1.056,TRUE,0.585395722634268,0,500:51
500,51,200,2,0.001,0.001,200000,2000,124;268,0.000230272354748061,8.21819452101473,11.507289641372,0.001,AIW-N,105.403887916671,0.002,2,2,interior,TRUE,1.243,TRUE,0.640517843866149,0,500:51
500,51,200,3,0.001,0.001,200000,2000,124;268;53,0.0262976214294466,4.37665894450899,10.8984994839082,0.001,AIW-N,104.467884559051,0.002,2,2,interior,TRUE,1.074,TRUE,0.649437667170883,0,500:51
500,51,500,1,0.001,0.001,200000,2000,124,0,14.142135623731,14.142135623731,0.001,AIW-N,525.486838877386,0.002,5,1,interior,TRUE,1.42,TRUE,-0.0497170466285413,0,500:51
500,51,500,2,0.001,0.001,200000,2000,124;307,0.000309984783695731,8.21758698747497,11.5070682780397,0.001,AIW-N,420.615057345356,0.002,5,2,interior,TRUE,1.165,TRUE,0.172890036114509,0,500:51
500,51,500,3,0.001,0.001,200000,2000,124;307;247,0.00905371214795816,4.76251022449464,10.8774209431298,0.001,AIW-N,358.522251671049,0.002,3,2,interior,TRUE,1.017,TRUE,0.332617371491275,0,500:51
500,51,1000,1,0.001,0.001,200000,2000,124,0,14.142135623731,14.142135623731,0.001,AIW-N,327.108955135256,0.001,5,1,interior,TRUE,0.976999999999997,TRUE,1.11746196745011,0,500:51
500,51,1000,2,0.001,0.001,200000,2000,124;325,0.00262247853991935,8.23991452059112,11.5152115744971,0.001,AIW-N,365.823873242949,0.001,5,2,interior,TRUE,1,TRUE,1.00560328205227,0,500:51
500,51,1000,3,0.001,0.001,200000,2000,124;325;55,0.0139733347352979,4.74252271008439,10.9135829689839,0.001,AIW-N,267.858941598118,0.001,2,2,interior,TRUE,1.086,TRUE,1.31729477435585,0,500:51
500,51,2000,1,0.001,0.001,200000,2000,124,0,14.142135623731,14.142135623731,0.001,AIW-N,818.649633653418,0.001,1,1,interior,TRUE,0.964999999999996,TRUE,0.893246264957544,0,500:51
500,51,2000,2,0.001,0.001,200000,2000,124;349,0.000558952905850304,8.22420781233462,11.5094813208827,0.001,AIW-N,943.856103421259,0.001,5,2,interior,TRUE,1.056,TRUE,0.750928737832107,0,500:51
500,51,2000,3,0.001,0.001,200000,2000,124;349;298,0.0142037043224985,4.56999066120396,10.8983520582391,0.001,AIW-N,1004.71912638294,0.001,5,2,interior,TRUE,0.985999999999997,TRUE,0.688439154345548,0,500:51
500,51,5000,1,0.001,0.001,200000,2000,124,0,14.142135623731,14.142135623731,0.001,AIW-N,3852.02637461451,0.001,5,1,interior,TRUE,1,TRUE,0.260838571529318,0,500:51
500,51,5000,2,0.001,0.001,200000,2000,124;332,0.002085022136909,8.20404956981333,11.502138872613,0.001,AIW-N,3984.17379831456,0.001,5,2,interior,TRUE,1.08300000000001,TRUE,0.227107949588312,0,500:51
500,51,5000,3,0.001,0.001,200000,2000,124;332;77,0.0106838820972327,4.80919175243491,10.8670991636946,0.001,AIW-N,7961.12856998067,0.001,5,3,interior,TRUE,1.016,TRUE,-0.465132857520661,0,500:51
500,52,20,1,0.001,0.001,200000,2000,124,0,14.142135623731,14.142135623731,0.001,AIW-N,9.63853163350722,0.006,1,1,interior,TRUE,1.181,TRUE,0.729963496709032,0,500:52
500,52,20,2,0.001,0.001,200000,2000,124;276,0.00187637712193885,8.20564169199243,11.5027183028969,0.001,AIW-N,7.04186331418216,0.004,1,1,interior,TRUE,1.071,TRUE,1.0438594630944,0,500:52
500,52,20,3,0.001,0.001,200000,2000,124;276;347,0.0306339980684326,5.09227475073551,10.8449254373438,0.001,AIW-N,7.97274308984354,0.004,1,1,interior,TRUE,1.424,TRUE,0.919703663073353,0,500:52
500,52,50,1,0.001,0.001,200000,2000,124,0,14.142135623731,14.142135623731,0.001,AIW-N,45.9318907754675,0.002,1,1,interior,TRUE,1.195,TRUE,0.0848633414786368,0,500:52
500,52,50,2,0.001,0.001,200000,2000,124;399,0.00602709980834342,8.17392427523519,11.4911909041914,0.001,AIW-N,36.9218529171658,0.002,1,1,interior,TRUE,1.052,TRUE,0.303219409697318,0,500:52
500,52,50,3,0.001,0.001,200000,2000,124;399;268,0.0238560082073969,4.77844736762144,10.9268760817958,0.001,AIW-N,28.7044214333504,0.002,1,1,interior,TRUE,1.178,TRUE,0.554971837616954,0,500:52
500,52,100,1,0.001,0.001,200000,2000,124,0,14.142135623731,14.142135623731,0.001,AIW-N,63.9975609889927,0.002,1,1,interior,TRUE,1.17,TRUE,0.446325212901596,0,500:52
500,52,100,2,0.001,0.001,200000,2000,124;79,0.00224920820554828,8.23707502842532,11.5141750487395,0.001,AIW-N,123.357931278161,0.006,2,2,interior,TRUE,1.273,TRUE,-0.209919953891898,0,500:52
500,52,100,3,0.001,0.001,200000,2000,124;79;278,0.0162456781988128,4.7662752888105,10.916396332927,0.001,AIW-N,89.0455169859795,0.004,2,2,interior,TRUE,1,TRUE,0.116022520181311,0,500:52
500,52,200,1,0.001,0.001,200000,2000,124,0,14.142135623731,14.142135623731,0.001,AIW-N,341.525017365003,0.002,5,1,interior,TRUE,1.053,TRUE,-0.535103567070995,0,500:52
500,52,200,2,0.001,0.001,200000,2000,124;293,0.0012679986660913,8.22960734813701,11.5114503134326,0.001,AIW-N,169.182364733571,0.001,2,2,interior,TRUE,0.960000000000001,TRUE,0.167340152150921,0,500:52
500,52,200,3,0.001,0.001,200000,2000,124;293;168,0.0163858695168412,4.68753658297135,10.8222355421039,0.001,AIW-N,153.637030538925,0.001,3,3,interior,TRUE,0.965999999999998,TRUE,0.263724490652806,0,500:52
500,52,500,1,0.001,0.001,200000,2000,124,0,14.142135623731,14.142135623731,0.001,AIW-N,937.09837899231,0.002,5,1,interior,TRUE,1.11,TRUE,-0.628180171893168,0,500:52
500,52,500,2,0.001,0.001,200000,2000,124;381,0.000512202036946397,8.22385169970146,11.5093514945829,0.001,AIW-N,330.572348070366,0.001,5,2,interior,TRUE,1.12,TRUE,0.413782558183861,0,500:52
500,52,500,3,0.001,0.001,200000,2000,124;381;204,0.0118619322380596,4.62567945283297,10.9012679744617,0.001,AIW-N,585.362700040666,0.002,5,3,interior,TRUE,1.054,TRUE,-0.157623556758542,0,500:52
500,52,1000,1,0.001,0.001,200000,2000,124,0,14.142135623731,14.142135623731,0.001,AIW-N,605.357699066466,0.001,5,1,interior,TRUE,1.133,TRUE,0.501935757537305,0,500:52
500,52,1000,2,0.001,0.001,200000,2000,124;413,0.00030278462893613,8.22225637294603,11.5087699448772,0.001,AIW-N,725.205706979885,0.001,5,2,interior,TRUE,1.019,TRUE,0.321299930606916,0,500:52
500,52,1000,3,0.001,0.001,200000,2000,124;413;340,0.00465394849286318,4.67016730107651,10.8848006029085,0.001,AIW-N,671.630683582249,0.001,4,3,interior,TRUE,0.942,TRUE,0.398046667534937,0,500:52
500,52,2000,1,0.001,0.001,200000,2000,124,0,14.142135623731,14.142135623731,0.001,AIW-N,638.001392588949,0.001,3,1,interior,TRUE,1.035,TRUE,1.14256199345837,0,500:52
500,52,2000,2,0.001,0.001,200000,2000,124;45,0.000198812114846513,8.22146423038799,11.5084812135497,0.001,AIW-N,686.101903977423,0.001,4,2,interior,TRUE,1.08900000000001,TRUE,1.06987629477632,0,500:52
500,52,2000,3,0.001,0.001,200000,2000,124;45;285,0.0124638341938906,4.46315432677592,10.87045692031,0.001,AIW-N,605.067424540118,0.001,5,2,interior,TRUE,0.990000000000002,TRUE,1.19556256219998,0,500:52
500,52,5000,1,0.001,0.001,200000,2000,124,0,14.142135623731,14.142135623731,0.001,AIW-N,3270.9183571757,0.001,1,1,interior,TRUE,1.01300000000001,TRUE,0.424367123781003,0,500:52
500,52,5000,2,0.001,0.001,200000,2000,124;62,0.000155458856103712,8.21876468598347,11.5074973999556,0.001,AIW-N,2740.67451081602,0.001,2,2,interior,TRUE,1.008,TRUE,0.601233850498772,0,500:52
500,52,5000,3,0.001,0.001,200000,2000,124;62;172,0.00471887732607626,4.67928291001035,10.8542727216446,0.001,AIW-N,3038.50748965032,0.001,3,2,interior,TRUE,1.068,TRUE,0.498071474926862,0,500:52
1000,51,20,1,0.001,0.001,200000,2000,249,0,14.142135623731,14.142135623731,0.001,AIW-N,11.9622088899893,0.006,1,1,interior,TRUE,2.395,TRUE,0.51397985228613,0.693147180559945,1000:51
1000,51,20,2,0.001,0.001,200000,2000,249;367,0.00206371860163356,8.20421214295255,11.5021980349847,0.001,AIW-N,9.00987942075958,0.006,1,0,interior,TRUE,3.023,TRUE,0.797410584846871,0.693147180559945,1000:51
1000,51,20,3,0.001,0.001,200000,2000,249;367;856,0.00355934043937113,4.67709804738348,10.8715467859242,0.001,AIW-N,9.79359583732842,0.008,1,1,interior,TRUE,2.95,TRUE,0.714003587479396,0.693147180559945,1000:51
1000,51,50,1,0.001,0.001,200000,2000,249,0,14.142135623731,14.142135623731,0.001,AIW-N,31.7267090088279,0.01,1,1,interior,TRUE,2.418,TRUE,0.454864123812002,0.693147180559945,1000:51
1000,51,50,2,0.001,0.001,200000,2000,249;151,0.00134973263063647,8.23022959666212,11.5116772837227,0.001,AIW-N,26.5477873620277,0.01,1,1,interior,TRUE,3.096,TRUE,0.633076599743077,0.693147180559945,1000:51
1000,51,50,3,0.001,0.001,200000,2000,249;151;741,0.0304189958525954,4.20816241489102,10.8545428116041,0.001,AIW-N,27.0155236290451,0.01,1,1,interior,TRUE,3.402,TRUE,0.615611355419904,0.693147180559945,1000:51
1000,51,100,1,0.001,0.001,200000,2000,249,0,14.142135623731,14.142135623731,0.001,AIW-N,63.9960420297535,0.004,1,1,interior,TRUE,3.185,TRUE,0.446348947825896,0.693147180559945,1000:51
1000,51,100,2,0.001,0.001,200000,2000,249;704,0.000419085928081727,8.22314237693134,11.5090929125202,0.001,AIW-N,62.4907408057992,0.004,1,1,interior,TRUE,3.811,TRUE,0.470151787327816,0.693147180559945,1000:51
1000,51,100,3,0.001,0.001,200000,2000,249;704;606,0.0037578650476648,4.70797673800038,10.865187324958,0.001,AIW-N,60.2726875877477,0.004,1,1,interior,TRUE,3.341,TRUE,0.506291127024309,0.693147180559945,1000:51
1000,51,200,1,0.001,0.001,200000,2000,249,0,14.142135623731,14.142135623731,0.001,AIW-N,198.160031710075,0.002,4,1,interior,TRUE,2.82,TRUE,0.00924242134436248,0.693147180559945,1000:51
1000,51,200,2,0.001,0.001,200000,2000,249;134,0.00166179779012938,8.23260504966556,11.5125438664718,0.001,AIW-N,205.169845942989,0.002,5,2,interior,TRUE,2.922,TRUE,-0.0255207863548588,0.693147180559945,1000:51
1000,51,200,3,0.001,0.001,200000,2000,249;134;633,0.00373649639059121,4.60316305817708,10.8683091454833,0.001,AIW-N,210.892063889046,0.002,5,2,interior,TRUE,3.031,TRUE,-0.0530290904944231,0.693147180559945,1000:51
1000,51,500,1,0.001,0.001,200000,2000,249,0,14.142135623731,14.142135623731,0.001,AIW-N,534.618067559258,0.002,5,1,interior,TRUE,2.978,TRUE,-0.0669445011186829,0.693147180559945,1000:51
1000,51,500,2,0.001,0.001,200000,2000,249;90,0.000269431428189713,8.22200226893748,11.5086773232115,0.001,AIW-N,640.513587118561,0.002,5,2,interior,TRUE,2.823,TRUE,-0.24766223598946,0.693147180559945,1000:51
1000,51,500,3,0.001,0.001,200000,2000,249;90;380,0.0114287897791573,4.54577747148934,10.8450277372074,0.001,AIW-N,794.584735236048,0.002,5,2,interior,TRUE,2.801,TRUE,-0.463211534147111,0.693147180559945,1000:51
1000,51,1000,1,0.001,0.001,200000,2000,249,0,14.142135623731,14.142135623731,0.001,AIW-N,514.257734822225,0.001,1,1,interior,TRUE,2.645,TRUE,0.665030709585568,0.693147180559945,1000:51
1000,51,1000,2,0.001,0.001,200000,2000,249;347,9.6703761302826e-05,8.21921244635655,11.5076605638251,0.001,AIW-N,648.926881557627,0.001,5,2,interior,TRUE,2.56399999999999,TRUE,0.43243523186443,0.693147180559945,1000:51
1000,51,1000,3,0.001,0.001,200000,2000,249;347;674,0.00987822716608655,4.54689967414306,10.8770975712604,0.001,AIW-N,665.403943374103,0.001,5,2,interior,TRUE,3.277,TRUE,0.407360989094157,0.693147180559945,1000:51
1000,51,2000,1,0.001,0.001,200000,2000,249,0,14.142135623731,14.142135623731,0.001,AIW-N,940.299339980889,0.001,5,1,interior,TRUE,2.53099999999999,TRUE,0.754704188183269,0.693147180559945,1000:51
1000,51,2000,2,0.001,0.001,200000,2000,249;826,0.000418545891522892,8.22313826300448,11.5090914128453,0.001,AIW-N,1019.31842855826,0.001,5,2,interior,TRUE,3.01900000000001,TRUE,0.674012983909585,0.693147180559945,1000:51
1000,51,2000,3,0.001,0.001,200000,2000,249;826;465,0.00799926434067568,4.69142424168954,10.8946253477411,0.001,AIW-N,1024.00129373896,0.001,5,2,interior,TRUE,3.154,TRUE,0.669429390526474,0.693147180559945,1000:51
1000,51,5000,1,0.001,0.001,200000,2000,249,0,14.142135623731,14.142135623731,0.001,AIW-N,Inf,0.001,5,1,normal_limit,TRUE,2.79700000000001,FALSE,-Inf,0.693147180559945,1000:51
1000,51,5000,2,0.001,0.001,200000,2000,249;680,0.00140164478944428,8.2092633914506,11.5040366790694,0.001,AIW-N,17842.8916975084,0.001,5,2,interior,TRUE,2.973,TRUE,-1.27216729225,0.693147180559945,1000:51
1000,51,5000,3,0.001,0.001,200000,2000,249;680;444,0.00237740610418859,4.65181643170206,10.8527963605616,0.001,AIW-N,Inf,0.001,5,2,normal_limit,TRUE,3.05399999999999,FALSE,-Inf,0.693147180559945,1000:51
1000,52,20,1,0.001,0.001,200000,2000,249,0,14.142135623731,14.142135623731,0.001,AIW-N,22.9497796724751,0.006,1,1,interior,TRUE,2.602,TRUE,-0.137576062578598,0.693147180559945,1000:52
1000,52,20,2,0.001,0.001,200000,2000,249;380,0.000134594395136313,8.22097494143624,11.508302880869,0.001,AIW-N,15.5606283925143,0.006,1,1,interior,TRUE,2.683,TRUE,0.250988370496176,0.693147180559945,1000:52
1000,52,20,3,0.001,0.001,200000,2000,249;380;714,0.0241173931929995,4.36621843025737,10.8904635657345,0.001,AIW-N,16.8180826092445,0.006,1,1,interior,TRUE,3.857,TRUE,0.173277620201222,0.693147180559945,1000:52
1000,52,50,1,0.001,0.001,200000,2000,249,0,14.142135623731,14.142135623731,0.001,AIW-N,32.4767993616961,0.004,1,1,interior,TRUE,3.834,TRUE,0.431497036809934,0.693147180559945,1000:52
1000,52,50,2,0.001,0.001,200000,2000,249;880,0.00118868661426253,8.2290035036567,11.5112300682987,0.001,AIW-N,24.4373820110073,0.004,1,1,interior,TRUE,3.129,TRUE,0.715908995888292,0.693147180559945,1000:52
1000,52,50,3,0.001,0.001,200000,2000,249;880;542,0.00969142825586885,4.51040210397586,10.8739079662004,0.001,AIW-N,20.4310261896901,0.004,1,1,interior,TRUE,3.516,TRUE,0.89496836831088,0.693147180559945,1000:52
1000,52,100,1,0.001,0.001,200000,2000,249,0,14.142135623731,14.142135623731,0.001,AIW-N,178.775792232759,0.006,1,1,interior,TRUE,2.648,TRUE,-0.580962277388145,0.693147180559945,1000:52
1000,52,100,2,0.001,0.001,200000,2000,249;471,0.00057045281652837,8.22429540812862,11.5095132559044,0.001,AIW-N,106.046597191429,0.004,2,2,interior,TRUE,3.054,TRUE,-0.0587084076754536,0.693147180559945,1000:52
1000,52,100,3,0.001,0.001,200000,2000,249;471;900,0.00807669767676241,4.57194969000609,10.8783546182384,0.001,AIW-N,40.5207822188806,0.004,1,1,interior,TRUE,3.232,TRUE,0.903355202280597,0.693147180559945,1000:52
1000,52,200,1,0.001,0.001,200000,2000,249,0,14.142135623731,14.142135623731,0.001,AIW-N,231.536219153714,0.002,5,1,interior,TRUE,3.079,TRUE,-0.146418948968273,0.693147180559945,1000:52
1000,52,200,2,0.001,0.001,200000,2000,249;104,0.00110452865153437,8.22836272784933,11.5109963659657,0.001,AIW-N,196.882651240961,0.002,2,2,interior,TRUE,2.79000000000001,TRUE,0.0157094942771518,0.693147180559945,1000:52
1000,52,200,3,0.001,0.001,200000,2000,249;104;414,0.0085851649093118,4.79477172677096,10.8697861445269,0.001,AIW-N,185.674865121964,0.002,2,2,interior,TRUE,2.934,TRUE,0.0743202594129535,0.693147180559945,1000:52
1000,52,500,1,0.001,0.001,200000,2000,249,0,14.142135623731,14.142135623731,0.001,AIW-N,415.07517553565,0.002,4,2,interior,TRUE,3.014,TRUE,0.186148448727389,0.693147180559945,1000:52
1000,52,500,2,0.001,0.001,200000,2000,249;360,0.000143761098041723,8.22104478591922,11.5083283368267,0.001,AIW-N,433.122394492147,0.002,5,3,interior,TRUE,2.941,TRUE,0.143587744098664,0.693147180559945,1000:52
1000,52,500,3,0.001,0.001,200000,2000,249;360;603,0.00980134896719442,4.52446410642434,10.8733138108775,0.001,AIW-N,319.247117882078,0.002,3,2,interior,TRUE,3.34299999999999,TRUE,0.448642631327653,0.693147180559945,1000:52
1000,52,1000,1,0.001,0.001,200000,2000,249,0,14.142135623731,14.142135623731,0.001,AIW-N,601.641122271339,0.001,5,1,interior,TRUE,2.76599999999999,TRUE,0.508094153843266,0.693147180559945,1000:52
1000,52,1000,2,0.001,0.001,200000,2000,249;360,0.000466018655102724,8.21639766620548,11.5066349672706,0.001,AIW-N,718.170542777348,0.001,5,2,interior,TRUE,2.8,TRUE,0.331048213378915,0.693147180559945,1000:52
1000,52,1000,3,0.001,0.001,200000,2000,249;360;674,0.00724349855807895,4.54619390919229,10.86252068742,0.001,AIW-N,517.966285868144,0.001,3,3,interior,TRUE,3.072,TRUE,0.65784512403742,0.693147180559945,1000:52
1000,52,2000,1,0.001,0.001,200000,2000,249,0,14.142135623731,14.142135623731,0.001,AIW-N,461.204252266455,0.001,4,1,interior,TRUE,3.04400000000001,TRUE,1.46706145118436,0.693147180559945,1000:52
1000,52,2000,2,0.001,0.001,200000,2000,249;579,1.60616751371258e-05,8.21982697276006,11.507884507937,0.001,AIW-N,504.992125603778,0.001,5,2,interior,TRUE,2.955,TRUE,1.3763596232521,0.693147180559945,1000:52
1000,52,2000,3,0.001,0.001,200000,2000,249;579;917,0.012031774865947,4.84893289767092,10.8641656822363,0.001,AIW-N,513.417469154298,0.001,3,2,interior,TRUE,2.708,TRUE,1.35981316528288,0.693147180559945,1000:52
1000,52,5000,1,0.001,0.001,200000,2000,249,0,14.142135623731,14.142135623731,0.001,AIW-N,2464.11708782443,0.001,3,1,interior,TRUE,2.78,TRUE,0.707604348482573,0.693147180559945,1000:52
1000,52,5000,2,0.001,0.001,200000,2000,249;758,0.000159916497490275,8.2187307144677,11.5074850210044,0.001,AIW-N,3342.51524092338,0.001,4,2,interior,TRUE,2.993,TRUE,0.4027143227128,0.693147180559945,1000:52
1000,52,5000,3,0.001,0.001,200000,2000,249;758;502,0.00235470159652057,4.67069399386449,10.8604228625541,0.001,AIW-N,3484.88848616308,0.001,5,3,interior,TRUE,3.536,TRUE,0.361001866965109,0.693147180559945,1000:52
2000,51,20,1,0.001,0.001,200000,2000,497,0,14.142135623731,14.142135623731,0.001,AIW-N,15.6502401755115,0.006,1,1,interior,TRUE,8.161,TRUE,0.245246010007536,1.38629436111989,2000:51
2000,51,20,2,0.001,0.001,200000,2000,497;895,0.00242649172993789,8.23842372879582,11.5146673442425,0.001,AIW-N,14.0485871415795,0.006,1,1,interior,TRUE,7.06,TRUE,0.353210442148848,1.38629436111989,2000:51
2000,51,20,3,0.001,0.001,200000,2000,497;895;673,0.00944776779803929,4.67640291474561,10.9099742086272,0.001,AIW-N,12.1994787033364,0.006,1,1,interior,TRUE,7.394,TRUE,0.494339051962421,1.38629436111989,2000:51
2000,51,50,1,0.001,0.001,200000,2000,497,0,14.142135623731,14.142135623731,0.001,AIW-N,54.8497402618516,0.004,1,1,interior,TRUE,8.035,TRUE,-0.0925744458552926,1.38629436111989,2000:51
2000,51,50,2,0.001,0.001,200000,2000,497;1435,0.000413824151957514,8.22310229335228,11.5090783006316,0.001,AIW-N,27.3464350549237,0.004,1,1,interior,TRUE,7.33000000000001,TRUE,0.603436830396846,1.38629436111989,2000:51
2000,51,50,3,0.001,0.001,200000,2000,497;1435;1159,0.0185202494142719,4.83257842768336,10.9033084180067,0.001,AIW-N,22.8022152078032,0.004,1,1,interior,TRUE,9.557,TRUE,0.785165315950324,1.38629436111989,2000:51
2000,51,100,1,0.001,0.001,200000,2000,497,0,14.142135623731,14.142135623731,0.001,AIW-N,96.7495965181755,0.002,1,1,interior,TRUE,8.381,TRUE,0.0330440244416721,1.38629436111989,2000:51
2000,51,100,2,0.001,0.001,200000,2000,497;747,0.000238550316540127,8.22176699341332,11.5085915664719,0.001,AIW-N,108.469762112937,0.002,2,2,interior,TRUE,7.11,TRUE,-0.0813012579477457,1.38629436111989,2000:51
2000,51,100,3,0.001,0.001,200000,2000,497;747;1469,0.012217282822188,4.7217407133189,10.9051438218988,0.001,AIW-N,60.0198023346861,0.002,1,1,interior,TRUE,7.968,TRUE,0.510495639305417,1.38629436111989,2000:51
2000,51,200,1,0.001,0.001,200000,2000,497,0,14.142135623731,14.142135623731,0.001,AIW-N,250.864884015812,0.002,5,1,interior,TRUE,7.593,TRUE,-0.226597116948552,1.38629436111989,2000:51
2000,51,200,2,0.001,0.001,200000,2000,497;1590,0.00143128333661976,8.20903731658743,11.5039543703753,0.001,AIW-N,188.42531827317,0.002,2,2,interior,TRUE,7.231,TRUE,0.0596156276960338,1.38629436111989,2000:51
2000,51,200,3,0.001,0.001,200000,2000,497;1590;1806,0.0191694180333838,4.53023439822909,10.8087559307629,0.001,AIW-N,155.493384442708,0.002,2,2,interior,TRUE,6.87100000000001,TRUE,0.251714179610557,1.38629436111989,2000:51
2000,51,500,1,0.001,0.001,200000,2000,497,0,14.142135623731,14.142135623731,0.001,AIW-N,463.954744800919,0.002,5,1,interior,TRUE,9.75,TRUE,0.0748210837092049,1.38629436111989,2000:51
2000,51,500,2,0.001,0.001,200000,2000,497;322,0.000458700987780112,8.21645344584832,11.5066552886817,0.001,AIW-N,514.886544729589,0.002,5,2,interior,TRUE,8.63899999999998,TRUE,-0.0293384764756617,1.38629436111989,2000:51
2000,51,500,3,0.001,0.001,200000,2000,497;322;1692,0.00364888035408703,4.70374598770757,10.8685941208172,0.001,AIW-N,509.469639860767,0.002,5,3,interior,TRUE,7.024,TRUE,-0.0187621643606652,1.38629436111989,2000:51
2000,51,1000,1,0.001,0.001,200000,2000,497,0,14.142135623731,14.142135623731,0.001,AIW-N,545.537235001155,0.001,5,1,interior,TRUE,6.114,TRUE,0.605984217557938,1.38629436111989,2000:51
2000,51,1000,2,0.001,0.001,200000,2000,497;173,0.000584319164370655,8.21549586894017,11.5063064423468,0.001,AIW-N,445.998815395124,0.001,5,2,interior,TRUE,6.214,TRUE,0.807438983030345,1.38629436111989,2000:51
2000,51,1000,3,0.001,0.001,200000,2000,497;173;1665,0.00183231557388722,4.62955346499394,10.8637996862648,0.001,AIW-N,420.535333257395,0.001,5,2,interior,TRUE,6.387,TRUE,0.866226776327735,1.38629436111989,2000:51
2000,51,2000,1,0.001,0.001,200000,2000,497,0,14.142135623731,14.142135623731,0.001,AIW-N,1378.99928113325,0.001,4,1,interior,TRUE,5.85499999999999,TRUE,0.371789103044602,1.38629436111989,2000:51
2000,51,2000,2,0.001,0.001,200000,2000,497;1658,4.69837196399291e-05,8.22030738069889,11.5080595855725,0.001,AIW-N,2001.54727996267,0.001,5,2,interior,TRUE,6.67599999999999,TRUE,-0.000773340876181194,1.38629436111989,2000:51
2000,51,2000,3,0.001,0.001,200000,2000,497;1658;828,0.00367079733724254,4.64051728985939,10.8537801683086,0.001,AIW-N,2352.92188724817,0.001,5,2,interior,TRUE,6.352,TRUE,-0.162510731544645,1.38629436111989,2000:51
2000,51,5000,1,0.001,0.001,200000,2000,497,0,14.142135623731,14.142135623731,0.001,AIW-N,4369.84203558373,0.001,5,1,interior,TRUE,5.886,TRUE,0.134711051443615,1.38629436111989,2000:51
2000,51,5000,2,0.001,0.001,200000,2000,497;828,3.38758337736998e-05,8.22020749994366,11.5080231848713,0.001,AIW-N,4634.86684507229,0.001,5,2,interior,TRUE,6.34199999999999,TRUE,0.0758304419686873,1.38629436111989,2000:51
2000,51,5000,3,0.001,0.001,200000,2000,497;828;1732,0.00270684540059594,4.68960435431489,10.8636749464309,0.001,AIW-N,5527.3592450583,0.001,5,3,interior,TRUE,6.179,TRUE,-0.100272256505981,1.38629436111989,2000:51
2000,52,20,1,0.001,0.001,200000,2000,497,0,14.142135623731,14.142135623731,0.001,AIW-N,16.193877654711,0.008,1,1,interior,TRUE,7.91,TRUE,0.21109902529508,1.38629436111989,2000:52
2000,52,20,2,0.001,0.001,200000,2000,497;1091,0.000805090294674133,8.21381274343847,11.5056933507621,0.001,AIW-N,14.4790332099276,0.006,1,1,interior,TRUE,6.797,TRUE,0.323030656095647,1.38629436111989,2000:52
2000,52,20,3,0.001,0.001,200000,2000,497;1091;1779,0.0100978918073702,4.75109204824227,10.8842249799205,0.001,AIW-N,13.9652237165262,0.006,1,1,interior,TRUE,7.25,TRUE,0.359162054483792,1.38629436111989,2000:52
2000,52,50,1,0.001,0.001,200000,2000,497,0,14.142135623731,14.142135623731,0.001,AIW-N,27.4979911579854,0.004,1,1,interior,TRUE,9.01,TRUE,0.597910052224345,1.38629436111989,2000:52
2000,52,50,2,0.001,0.001,200000,2000,497;1570,0.00188495119358875,8.20557626984367,11.5026944917937,0.001,AIW-N,20.4074237333774,0.004,1,1,interior,TRUE,8.68,TRUE,0.896124262277721,1.38629436111989,2000:52
2000,52,50,3,0.001,0.001,200000,2000,497;1570;1827,0.0171027901649254,4.69646203749117,10.8102941163975,0.001,AIW-N,18.0079272586955,0.004,1,1,interior,TRUE,7.80199999999999,TRUE,1.02121094122017,1.38629436111989,2000:52
2000,52,100,1,0.001,0.001,200000,2000,497,0,14.142135623731,14.142135623731,0.001,AIW-N,78.7453911387984,0.002,1,1,interior,TRUE,8.111,TRUE,0.238950435216625,1.38629436111989,2000:52
2000,52,100,2,0.001,0.001,200000,2000,497;1125,0.000607603660174581,8.22457838440533,11.5096164230051,0.001,AIW-N,76.921956765332,0.002,2,2,interior,TRUE,7.01000000000001,TRUE,0.262378826624203,1.38629436111989,2000:52
2000,52,100,3,0.001,0.001,200000,2000,497;1125;956,0.0210991305896223,4.46412320577174,10.8238291451043,0.001,AIW-N,70.3580177460927,0.002,2,2,interior,TRUE,7.61000000000001,TRUE,0.35157343953873,1.38629436111989,2000:52
2000,52,200,1,0.001,0.001,200000,2000,497,0,14.142135623731,14.142135623731,0.001,AIW-N,222.7710139813,0.002,5,1,interior,TRUE,6.22799999999999,TRUE,-0.107827034214307,1.38629436111989,2000:52
2000,52,200,2,0.001,0.001,200000,2000,497;1267,0.00116873066280646,8.21103983315096,11.5046834993049,0.001,AIW-N,197.475346888933,0.002,5,2,interior,TRUE,7.932,TRUE,0.0127036158770784,1.38629436111989,2000:52
2000,52,200,3,0.001,0.001,200000,2000,497;1267;1806,0.00990171789927971,4.77792223073136,10.8529634217315,0.001,AIW-N,158.506498380716,0.002,3,3,interior,TRUE,6.161,TRUE,0.232521774823727,1.38629436111989,2000:52
2000,52,500,1,0.001,0.001,200000,2000,497,0,14.142135623731,14.142135623731,0.001,AIW-N,1486.89567374503,0.002,1,1,interior,TRUE,5.76100000000002,TRUE,-1.08983768669644,1.38629436111989,2000:52
2000,52,500,2,0.001,0.001,200000,2000,497;1705,0.000161707494839666,8.22118152481512,11.5083781740043,0.001,AIW-N,1237.30245844151,0.002,2,2,interior,TRUE,6.25799999999998,TRUE,-0.906080753736289,1.38629436111989,2000:52
2000,52,500,3,0.001,0.001,200000,2000,497;1705;1030,0.00213897934453701,4.63222157961734,10.8689449363312,0.001,AIW-N,1236.59870082835,0.002,3,3,interior,TRUE,6.19699999999997,TRUE,-0.905511808101976,1.38629436111989,2000:52
2000,52,1000,1,0.001,0.001,200000,2000,497,0,14.142135623731,14.142135623731,0.001,AIW-N,489.184370631115,0.001,3,1,interior,TRUE,5.11999999999998,TRUE,0.715015824512047,1.38629436111989,2000:52
2000,52,1000,2,0.001,0.001,200000,2000,497;281,0.00176930797806995,8.20645862095415,11.5030156449195,0.001,AIW-N,503.415377981379,0.001,5,2,interior,TRUE,5.57300000000001,TRUE,0.686339648512748,1.38629436111989,2000:52
2000,52,1000,3,0.001,0.001,200000,2000,497;281;1422,0.00537005906557784,4.69483656016743,10.875707972059,0.001,AIW-N,489.58985781463,0.001,4,2,interior,TRUE,5.54499999999999,TRUE,0.714187263246481,1.38629436111989,2000:52
2000,52,2000,1,0.001,0.001,200000,2000,497,0,14.142135623731,14.142135623731,0.001,AIW-N,1157.97641305441,0.001,5,1,interior,TRUE,5.06799999999998,TRUE,0.546473170308806,1.38629436111989,2000:52
2000,52,2000,2,0.001,0.001,200000,2000,497;308,0.000327088720566399,8.22244153183821,11.5088374371765,0.001,AIW-N,1388.27929263509,0.001,5,2,interior,TRUE,5.52099999999999,TRUE,0.365082119239526,1.38629436111989,2000:52
2000,52,2000,3,0.001,0.001,200000,2000,497;308;1435,0.00253030846531975,4.69162552064136,10.8688882410198,0.001,AIW-N,1388.85514292337,0.001,3,2,interior,TRUE,5.803,TRUE,0.364667410978262,1.38629436111989,2000:52
2000,52,5000,1,0.001,0.001,200000,2000,497,0,14.142135623731,14.142135623731,0.001,AIW-N,3580.95832410664,0.001,5,1,interior,TRUE,5.328,TRUE,0.333807459545668,1.38629436111989,2000:52
2000,52,5000,2,0.001,0.001,200000,2000,497;1482,0.000697843723001067,8.22526570800987,11.5098670174272,0.001,AIW-N,4046.6794947032,0.001,5,2,interior,TRUE,5.239,TRUE,0.21154124545038,1.38629436111989,2000:52
2000,52,5000,3,0.001,0.001,200000,2000,497;1482;1827,0.00419318357993511,4.58930599342911,10.8692671828061,0.001,AIW-N,2980.01531467895,0.001,4,2,interior,TRUE,5.86600000000001,TRUE,0.517509472775983,1.38629436111989,2000:52
100,51,20,1,0.001,0.001,200000,2000,25,0,14.142135623731,14.142135623731,0.001,collapsed-R,1.32284409999955,0.002,5,0,interior,TRUE,0.972,TRUE,2.71594823361139,-1.6094379124341,100:51
100,51,20,2,0.001,0.001,200000,2000,25;73,0.00495541967659688,8.18212236447001,11.4941672516879,0.001,collapsed-R,1.15754877080403,0.004,5,0,interior,TRUE,1.152,TRUE,2.84942763285946,-1.6094379124341,100:51
100,51,20,3,0.001,0.001,200000,2000,25;73;65,0.0235257267062288,4.3529829921615,10.8291819120211,0.001,collapsed-R,1.27121004682278,0.006,5,0,interior,TRUE,1.23,TRUE,2.75576303392857,-1.6094379124341,100:51
100,51,50,1,0.001,0.001,200000,2000,25,0,14.142135623731,14.142135623731,0.001,collapsed-R,46.1065149820403,0.002,5,1,interior,TRUE,1.208,TRUE,0.0810687425898413,-1.6094379124341,100:51
100,51,50,2,0.001,0.001,200000,2000,25;75,0.0103745536950517,8.29871757235722,11.5367362074055,0.001,collapsed-R,90.7009585064062,0.01,5,2,interior,TRUE,1.253,TRUE,-0.59554491951369,-1.6094379124341,100:51
100,51,50,3,0.001,0.001,200000,2000,25;75;52,0.0507346492857165,5.45337753629748,10.8977454436289,0.001,collapsed-R,20.9225534138307,0.002,5,0,interior,TRUE,1.555,TRUE,0.871195317569211,-1.6094379124341,100:51
100,51,100,1,0.001,0.001,200000,2000,25,0,14.142135623731,14.142135623731,0.001,collapsed-R,68.8342253221271,0.001,5,1,interior,TRUE,1.001,TRUE,0.373469103664107,-1.6094379124341,100:51
100,51,100,2,0.001,0.001,200000,2000,25;50,0.00155214020517341,8.23177039097512,11.5122393557708,0.001,collapsed-R,171.949491530618,0.008,5,2,interior,TRUE,0.956,TRUE,-0.542030593808859,-1.6094379124341,100:51
100,51,100,3,0.001,0.001,200000,2000,25;50;92,0.0815596321986741,5.71661351163437,10.8204344803374,0.001,collapsed-R,82.6931255131637,0.01,5,1,interior,TRUE,1.074,TRUE,0.19003371301014,-1.6094379124341,100:51
100,51,200,1,0.001,0.001,200000,2000,25,0,14.142135623731,14.142135623731,0.001,collapsed-R,278.034703935154,0.004,5,1,interior,TRUE,0.688000000000002,TRUE,-0.329428573650564,-1.6094379124341,100:51
100,51,200,2,0.001,0.001,200000,2000,25;92,0.00353966324320737,8.2468884445636,11.5177584495678,0.001,collapsed-R,430.258381059544,0.004,5,2,interior,TRUE,0.825000000000003,TRUE,-0.766068547864741,-1.6094379124341,100:51
100,51,200,3,0.001,0.001,200000,2000,25;92;68,0.0237458147220119,4.75295543345596,10.9583195540012,0.001,collapsed-R,475.169002186719,0.01,5,3,interior,TRUE,1.094,TRUE,-0.865353168284205,-1.6094379124341,100:51
100,51,500,1,0.001,0.001,200000,2000,25,0,14.142135623731,14.142135623731,0.001,collapsed-R,1094.5195084713,0.002,5,1,interior,TRUE,0.788999999999998,TRUE,-0.78346264247626,-1.6094379124341,100:51
100,51,500,2,0.001,0.001,200000,2000,25;90,0.00233493771702196,8.23772724438036,11.5144131097349,0.001,collapsed-R,1e+08,0.004,5,2,normal_limit,TRUE,0.809999999999999,FALSE,-12.2060726455302,-1.6094379124341,100:51
100,51,500,3,0.001,0.001,200000,2000,25;90;43,0.0509592562572754,4.0973095353477,10.9370780596807,0.001,collapsed-R,738.005985999206,0.002,5,2,interior,TRUE,0.625,TRUE,-0.389343837255422,-1.6094379124341,100:51
100,51,1000,1,0.001,0.001,200000,2000,25,0,14.142135623731,14.142135623731,0.001,collapsed-R,424.943405034827,0.001,5,1,interior,TRUE,1.251,TRUE,0.855799283548852,-1.6094379124341,100:51
100,51,1000,2,0.001,0.001,200000,2000,25;50,0.00481586830532941,8.18318943978038,11.4945548201723,0.001,collapsed-R,447.863953418521,0.002,5,2,interior,TRUE,1.325,TRUE,0.803265768090951,-1.6094379124341,100:51
100,51,1000,3,0.001,0.001,200000,2000,25;50;73,0.121736494358914,3.44184849683843,10.6183507650289,0.001,collapsed-R,459.868538791908,0.002,5,3,interior,TRUE,1.491,TRUE,0.776814615578361,-1.6094379124341,100:51
100,51,2000,1,0.001,0.001,200000,2000,25,0,14.142135623731,14.142135623731,0.001,collapsed-R,867.695617464891,0.001,5,1,interior,TRUE,0.859999999999999,TRUE,0.835061477504626,-1.6094379124341,100:51
100,51,2000,2,0.001,0.001,200000,2000,25;43,0.0021976266535276,8.23668258556812,11.5140318125011,0.001,collapsed-R,759.685606729551,0.001,5,2,interior,TRUE,1.023,TRUE,0.967997787204814,-1.6094379124341,100:51
100,51,2000,3,0.001,0.001,200000,2000,25;43;83,0.0618549761762576,4.03764222711358,10.7566447837052,0.001,collapsed-R,686.874296187461,0.001,5,3,interior,TRUE,1.467,TRUE,1.06875115904356,-1.6094379124341,100:51
100,51,5000,1,0.001,0.001,200000,2000,25,0,14.142135623731,14.142135623731,0.001,collapsed-R,6134.46525669868,0.002,5,1,interior,TRUE,0.969999999999999,TRUE,-0.204484999207581,-1.6094379124341,100:51
100,51,5000,2,0.001,0.001,200000,2000,25;46,2.74283237783773e-05,8.21974035626055,11.507852942628,0.001,collapsed-R,99620221.6357499,0.004,5,2,normal_limit,TRUE,1.002,FALSE,-9.89968253900248,-1.6094379124341,100:51
100,51,5000,3,0.001,0.001,200000,2000,25;46;92,0.102550842313654,3.46312140656814,10.9877417774763,0.001,collapsed-R,99316308.5694644,0.004,5,3,normal_limit,TRUE,1.39400000000001,FALSE,-9.89662715945605,-1.6094379124341,100:51
100,52,20,1,0.001,0.001,200000,2000,25,0,14.142135623731,14.142135623731,0.001,collapsed-R,22.6052400190692,0.01,5,1,interior,TRUE,1.51,TRUE,-0.122449465099897,-1.6094379124341,100:52
100,52,20,2,0.001,0.001,200000,2000,25;8,0.00340968349327409,8.24590040098971,11.5173975195789,0.001,collapsed-R,13.2108425658938,0.01,5,0,interior,TRUE,1.004,TRUE,0.414694374624262,-1.6094379124341,100:52
100,52,20,3,0.001,0.001,200000,2000,25;8;90,0.00726130043871736,4.69022569744983,10.8993383633901,0.001,collapsed-R,11.0937110453388,0.01,5,0,interior,TRUE,1.012,TRUE,0.589353898290546,-1.6094379124341,100:52
100,52,50,1,0.001,0.001,200000,2000,25,0,14.142135623731,14.142135623731,0.001,collapsed-R,28.9863440859571,0.001,5,1,interior,TRUE,1.91,TRUE,0.545198179934562,-1.6094379124341,100:52
100,52,50,2,0.001,0.001,200000,2000,25;61,0.00431847335806067,8.18699189696438,11.495936201256,0.001,collapsed-R,16.7557880998078,0.001,5,1,interior,TRUE,1.31,TRUE,1.09327924865107,-1.6094379124341,100:52
100,52,50,3,0.001,0.001,200000,2000,25;61;8,0.0434482192197275,4.96377085469974,10.9691127137826,0.001,collapsed-R,20.909305052231,0.004,5,1,interior,TRUE,1.184,TRUE,0.871828727727327,-1.6094379124341,100:52
100,52,100,1,0.001,0.001,200000,2000,25,0,14.142135623731,14.142135623731,0.001,collapsed-R,40.4834440791475,0.001,5,1,interior,TRUE,1.337,TRUE,0.904277083621457,-1.6094379124341,100:52
100,52,100,2,0.001,0.001,200000,2000,25;43,0.00769403337479173,8.27842062140731,11.5292938343529,0.001,collapsed-R,9.0467289056802,1e-04,5,0,interior,TRUE,1.095,TRUE,2.40276694050009,-1.6094379124341,100:52
100,52,100,3,0.001,0.001,200000,2000,25;43;8,0.0402072518142409,4.06408193238178,10.9131638561163,0.001,collapsed-R,8.27688168043539,1e-04,5,0,interior,TRUE,0.997,TRUE,2.49170389716884,-1.6094379124341,100:52
100,52,200,1,0.001,0.001,200000,2000,25,0,14.142135623731,14.142135623731,0.001,collapsed-R,146.898556655901,0.002,5,1,interior,TRUE,0.852,TRUE,0.308575108767727,-1.6094379124341,100:52
100,52,200,2,0.001,0.001,200000,2000,25;86,0.0051621439143549,8.25921418693076,11.522263697162,0.001,collapsed-R,162.950597728734,0.008,5,2,interior,TRUE,0.905999999999999,TRUE,0.204870293098539,-1.6094379124341,100:52
100,52,200,3,0.001,0.001,200000,2000,25;86;10,0.0442030241687705,5.32348857899709,10.8944136554371,0.001,collapsed-R,86.9145427263919,0.004,5,2,interior,TRUE,0.866999999999997,TRUE,0.833391998147069,-1.6094379124341,100:52
100,52,500,1,0.001,0.001,200000,2000,25,0,14.142135623731,14.142135623731,0.001,collapsed-R,861.056997642302,0.006,5,1,interior,TRUE,1.124,TRUE,-0.543552603166726,-1.6094379124341,100:52
100,52,500,2,0.001,0.001,200000,2000,25;57,0.00984844363929161,8.14464107315293,11.4805776140528,0.001,collapsed-R,382.498628746671,0.002,5,2,interior,TRUE,0.974,TRUE,0.267883030138051,-1.6094379124341,100:52
100,52,500,3,0.001,0.001,200000,2000,25;57;10,0.0603385412040658,4.98339489062554,11.0277235342038,0.001,collapsed-R,167.978729738872,0.001,5,2,interior,TRUE,1.213,TRUE,1.09077073573168,-1.6094379124341,100:52
100,52,1000,1,0.001,0.001,200000,2000,25,0,14.142135623731,14.142135623731,0.001,collapsed-R,844.960179855102,0.001,5,1,interior,TRUE,1.294,TRUE,0.168465777167186,-1.6094379124341,100:52
100,52,1000,2,0.001,0.001,200000,2000,25;45,0.0269149595844805,8.01287587531423,11.4331727298242,0.001,collapsed-R,602.59219860492,0.001,5,2,interior,TRUE,1.058,TRUE,0.506514598594565,-1.6094379124341,100:52
100,52,1000,3,0.001,0.001,200000,2000,25;45;83,0.0439728466465086,4.74362211004435,10.9345674609158,0.001,collapsed-R,324.753783303529,0.001,5,2,interior,TRUE,1.167,TRUE,1.12468797360389,-1.6094379124341,100:52
100,52,2000,1,0.001,0.001,200000,2000,25,0,14.142135623731,14.142135623731,0.001,collapsed-R,812.21250117075,0.001,5,1,interior,TRUE,0.637000000000001,TRUE,0.901140452668925,-1.6094379124341,100:52
100,52,2000,2,0.001,0.001,200000,2000,25;45,0.00698120000611051,8.16662039548162,11.4885410674781,0.001,collapsed-R,3127.94951272517,0.002,5,2,interior,TRUE,2.552,TRUE,-0.447230501559732,-1.6094379124341,100:52
100,52,2000,3,0.001,0.001,200000,2000,25;45;61,0.0709660570399556,5.51134209890412,10.9321285898907,0.001,collapsed-R,98774484.0961617,0.004,5,3,normal_limit,TRUE,3.045,FALSE,-10.8074474116856,-1.6094379124341,100:52
100,52,5000,1,0.001,0.001,200000,2000,25,0,14.142135623731,14.142135623731,0.001,collapsed-R,1e+08,0.001,5,1,normal_limit,TRUE,0.972999999999999,FALSE,-9.90348755253613,-1.6094379124341,100:52
100,52,5000,2,0.001,0.001,200000,2000,25;45,0.00865667183709935,8.15378224140373,11.4838876665915,0.001,collapsed-R,98197240.9998061,0.001,5,2,normal_limit,TRUE,1.075,FALSE,-9.88529548578878,-1.6094379124341,100:52
100,52,5000,3,0.001,0.001,200000,2000,25;45;61,0.0518844595232308,5.16068253546249,10.9405869928021,0.001,collapsed-R,98153072.4436363,0.001,5,3,normal_limit,TRUE,1.225,FALSE,-9.88484559033264,-1.6094379124341,100:52
250,51,20,1,0.001,0.001,200000,2000,62,0,14.142135623731,14.142135623731,0.001,collapsed-R,20.3617198799818,0.006,5,1,interior,TRUE,1.019,TRUE,-0.0179243880371605,-0.693147180559945,250:51
250,51,20,2,0.001,0.001,200000,2000,62;118,0.00122220226765031,8.21063202974358,11.5045350048351,0.001,collapsed-R,11.8263205271304,0.01,5,0,interior,TRUE,0.323,TRUE,0.525404672926301,-0.693147180559945,250:51
250,51,20,3,0.001,0.001,200000,2000,62;118;184,0.0162380915403073,4.88236962441629,10.8743263873022,0.001,collapsed-R,17.259226071279,0.01,5,0,interior,TRUE,0.398000000000001,TRUE,0.147385428343251,-0.693147180559945,250:51
250,51,50,1,0.001,0.001,200000,2000,62,0,14.142135623731,14.142135623731,0.001,collapsed-R,31.6180344272577,0.001,5,1,interior,TRUE,0.974,TRUE,0.458295337904793,-0.693147180559945,250:51
250,51,50,2,0.001,0.001,200000,2000,62;139,0.000399746845792192,8.21690281912797,11.506819006239,0.001,collapsed-R,22.2608089272428,0.004,5,1,interior,TRUE,0.693999999999999,TRUE,0.809195320293013,-0.693147180559945,250:51
250,51,50,3,0.001,0.001,200000,2000,62;139;209,0.0150338960532022,4.72136027796955,10.8274539306114,0.001,collapsed-R,17.6707793088531,0.004,5,1,interior,TRUE,0.561,TRUE,1.04011061656861,-0.693147180559945,250:51
250,51,100,1,0.001,0.001,200000,2000,62,0,14.142135623731,14.142135623731,0.001,collapsed-R,94.524727554772,0.004,5,1,interior,TRUE,0.741000000000001,TRUE,0.0563087184710334,-0.693147180559945,250:51
250,51,100,2,0.001,0.001,200000,2000,62;102,0.000803998887220095,8.22607419487976,11.510161807132,0.001,collapsed-R,92.0439830234811,0.008,5,1,interior,TRUE,0.768000000000001,TRUE,0.0829036468389504,-0.693147180559945,250:51
250,51,100,3,0.001,0.001,200000,2000,62;102;185,0.0285342637637114,4.99197660137971,10.9052897311597,0.001,collapsed-R,103.015685692496,0.01,5,2,interior,TRUE,0.664999999999999,TRUE,-0.0297110789235218,-0.693147180559945,250:51
250,51,200,1,0.001,0.001,200000,2000,62,0,14.142135623731,14.142135623731,0.001,collapsed-R,159.991174467625,0.004,5,1,interior,TRUE,0.786,TRUE,0.223198712412898,-0.693147180559945,250:51
250,51,200,2,0.001,0.001,200000,2000,62;140,0.00283132526963927,8.24150290668917,11.5157915126907,0.001,collapsed-R,163.761868805758,0.004,5,2,interior,TRUE,1.029,TRUE,0.199904013402777,-0.693147180559945,250:51
250,51,200,3,0.001,0.001,200000,2000,62;140;197,0.00659001187976033,4.72493283694819,10.8848553819177,0.001,collapsed-R,108.73636280002,0.002,5,2,interior,TRUE,1.03,TRUE,0.609391103982468,-0.693147180559945,250:51
250,51,500,1,0.001,0.001,200000,2000,62,0,14.142135623731,14.142135623731,0.001,collapsed-R,1003.20343418542,0.004,5,1,interior,TRUE,0.414000000000002,TRUE,-0.696345494681686,-0.693147180559945,250:51
250,51,500,2,0.001,0.001,200000,2000,62;151,0.00102574172489966,8.22776281253023,11.5107775783743,0.001,collapsed-R,905.75473248047,0.004,5,2,interior,TRUE,0.759999999999998,TRUE,-0.59416045626948,-0.693147180559945,250:51
250,51,500,3,0.001,0.001,200000,2000,62;151;106,0.0314388598396202,4.28191780287301,10.9019466789471,0.001,collapsed-R,438.6326738397,0.004,5,2,interior,TRUE,0.483000000000001,TRUE,0.130945769454525,-0.693147180559945,250:51
250,51,1000,1,0.001,0.001,200000,2000,62,0,14.142135623731,14.142135623731,0.001,collapsed-R,939.72681305292,0.002,5,1,interior,TRUE,0.871000000000002,TRUE,0.062166070369333,-0.693147180559945,250:51
250,51,1000,2,0.001,0.001,200000,2000,62;110,0.00534109583678461,8.26057279997291,11.5227605948554,0.001,collapsed-R,2655.35254629971,0.004,5,2,interior,TRUE,0.984999999999999,TRUE,-0.976577431678916,-0.693147180559945,250:51
250,51,1000,3,0.001,0.001,200000,2000,62;110;223,0.0209442499730921,4.31862882006392,10.8889696339244,0.001,collapsed-R,520.987146875427,0.002,5,3,interior,TRUE,0.962000000000003,TRUE,0.652029907637829,-0.693147180559945,250:51
250,51,2000,1,0.001,0.001,200000,2000,62,0,14.142135623731,14.142135623731,0.001,collapsed-R,1541.726932606,0.001,5,1,interior,TRUE,0.702999999999999,TRUE,0.260244007607608,-0.693147180559945,250:51
250,51,2000,2,0.001,0.001,200000,2000,62;194,0.000651544365894871,8.21498338198111,11.5061197551348,0.001,collapsed-R,3502.15983285401,0.001,5,2,interior,TRUE,0.761999999999997,TRUE,-0.560232692711681,-0.693147180559945,250:51
250,51,2000,3,0.001,0.001,200000,2000,62;194;119,0.0472545017647041,4.86615540512486,10.748755248931,0.001,collapsed-R,3786.12930885094,0.001,5,3,interior,TRUE,1.111,TRUE,-0.638197026121205,-0.693147180559945,250:51
250,51,5000,1,0.001,0.001,200000,2000,62,0,14.142135623731,14.142135623731,0.001,collapsed-R,1036.92348548245,0.001,5,1,interior,TRUE,0.692999999999998,TRUE,1.57317977040029,-0.693147180559945,250:51
250,51,5000,2,0.001,0.001,200000,2000,62;100,0.000183324151525151,8.21855232387332,11.5074200175064,0.001,collapsed-R,1153.8950106313,0.001,5,2,interior,TRUE,0.873000000000005,TRUE,1.46629472714272,-0.693147180559945,250:51
250,51,5000,3,0.001,0.001,200000,2000,62;100;225,0.0169941194521122,4.43705797664221,10.8486167595349,0.001,collapsed-R,946.49871859347,0.001,5,2,interior,TRUE,0.578000000000003,TRUE,1.66442357460458,-0.693147180559945,250:51
250,52,20,1,0.001,0.001,200000,2000,62,0,14.142135623731,14.142135623731,0.001,collapsed-R,12.2633884371597,0.01,5,0,interior,TRUE,0.507,TRUE,0.489113999734727,-0.693147180559945,250:52
250,52,20,2,0.001,0.001,200000,2000,62;23,0.00210485147880412,8.20389824445104,11.5020838042262,0.001,collapsed-R,3.70051412780464,0.006,5,0,interior,TRUE,0.52,TRUE,1.68726051009624,-0.693147180559945,250:52
250,52,20,3,0.001,0.001,200000,2000,62;23;94,0.0350017358628738,4.461644755653,10.7521949686,0.001,collapsed-R,3.00136357310131,0.004,5,0,interior,TRUE,0.429,TRUE,1.89666556378369,-0.693147180559945,250:52
250,52,50,1,0.001,0.001,200000,2000,62,0,14.142135623731,14.142135623731,0.001,collapsed-R,23.1326497985087,0.002,5,1,interior,TRUE,0.885999999999999,TRUE,0.770777974634934,-0.693147180559945,250:52
250,52,50,2,0.001,0.001,200000,2000,62;34,0.00215723367084923,8.23637525767168,11.5139196455719,0.001,collapsed-R,17.0413289448124,0.002,5,0,interior,TRUE,0.599,TRUE,1.07638149734898,-0.693147180559945,250:52
250,52,50,3,0.001,0.001,200000,2000,62;34;207,0.00535824545713129,4.67306000815406,10.89210026596,0.001,collapsed-R,14.5366635862868,0.002,5,0,interior,TRUE,0.548,TRUE,1.23534902414574,-0.693147180559945,250:52
250,52,100,1,0.001,0.001,200000,2000,62,0,14.142135623731,14.142135623731,0.001,collapsed-R,37.9562607116044,0.002,5,1,interior,TRUE,1.069,TRUE,0.968735723115145,-0.693147180559945,250:52
250,52,100,2,0.001,0.001,200000,2000,62;221,0.0019688845483426,8.2049358180235,11.5024613998058,0.001,collapsed-R,31.5409863613773,0.002,5,1,interior,TRUE,0.780999999999999,TRUE,1.15388233159479,-0.693147180559945,250:52
250,52,100,3,0.001,0.001,200000,2000,62;221;196,0.0171097943884984,4.82337471725594,10.8352292729344,0.001,collapsed-R,35.1120789777095,0.002,5,1,interior,TRUE,0.696,TRUE,1.04662498429649,-0.693147180559945,250:52
250,52,200,1,0.001,0.001,200000,2000,62,0,14.142135623731,14.142135623731,0.001,collapsed-R,102.733532798697,0.001,5,1,interior,TRUE,1.301,TRUE,0.666178790748333,-0.693147180559945,250:52
250,52,200,2,0.001,0.001,200000,2000,62;150,0.00106772209196494,8.22808247205437,11.5108941559221,0.001,collapsed-R,156.36690244842,0.002,5,2,interior,TRUE,1.655,TRUE,0.246112182005531,-0.693147180559945,250:52
250,52,200,3,0.001,0.001,200000,2000,62;150;199,0.0787941224722316,3.75934670631304,10.7514382399033,0.001,collapsed-R,146.850452110526,0.002,5,2,interior,TRUE,1.329,TRUE,0.308902630184782,-0.693147180559945,250:52
250,52,500,1,0.001,0.001,200000,2000,62,0,14.142135623731,14.142135623731,0.001,collapsed-R,1190.36070683385,0.004,5,1,interior,TRUE,1.019,TRUE,-0.867403556739746,-0.693147180559945,250:52
250,52,500,2,0.001,0.001,200000,2000,62;183,0.00050750840120761,8.22381594649949,11.5093384604367,0.001,collapsed-R,444.356338601378,0.002,5,2,interior,TRUE,0.943999999999999,TRUE,0.117981293455061,-0.693147180559945,250:52
250,52,500,3,0.001,0.001,200000,2000,62;183;125,0.0189227243971831,4.72800995534856,10.8191250104773,0.001,collapsed-R,337.856208750849,0.002,5,2,interior,TRUE,1.056,TRUE,0.391987711351935,-0.693147180559945,250:52
250,52,1000,1,0.001,0.001,200000,2000,62,0,14.142135623731,14.142135623731,0.001,collapsed-R,1589.0318487955,0.002,5,1,interior,TRUE,0.826000000000001,TRUE,-0.463124930648554,-0.693147180559945,250:52
250,52,1000,2,0.001,0.001,200000,2000,62;224,0.00186078317779807,8.23411946255508,11.5130964319262,0.001,collapsed-R,1532.86926763737,0.002,5,2,interior,TRUE,1.158,TRUE,-0.427141317477874,-0.693147180559945,250:52
250,52,1000,3,0.001,0.001,200000,2000,62;224;23,0.0147118190827185,4.58791858692649,10.8219983091618,0.001,collapsed-R,949.301418754554,0.002,5,2,interior,TRUE,1.441,TRUE,0.0520289135684244,-0.693147180559945,250:52
250,52,2000,1,0.001,0.001,200000,2000,62,0,14.142135623731,14.142135623731,0.001,collapsed-R,1624.3914520056,0.001,5,1,interior,TRUE,0.744,TRUE,0.208013925991015,-0.693147180559945,250:52
250,52,2000,2,0.001,0.001,200000,2000,62;214,0.000841144075543802,8.21353785000575,11.5055932275168,0.001,collapsed-R,1201.02826886023,0.001,5,2,interior,TRUE,0.941000000000003,TRUE,0.50996909997039,-0.693147180559945,250:52
250,52,2000,3,0.001,0.001,200000,2000,62;214;23,0.0125272909700977,4.49332370102926,10.8728571751695,0.001,collapsed-R,843.057866934147,0.001,5,2,interior,TRUE,1.175,TRUE,0.863866859846126,-0.693147180559945,250:52
250,52,5000,1,0.001,0.001,200000,2000,62,0,14.142135623731,14.142135623731,0.001,collapsed-R,92980682.2549881,0.001,5,1,normal_limit,TRUE,0.769999999999996,FALSE,-9.83070912043669,-0.693147180559945,250:52
250,52,5000,2,0.001,0.001,200000,2000,62;124,0.00318438025092661,8.24418754051312,11.5167718913559,0.001,collapsed-R,98089658.367736,0.001,5,2,normal_limit,TRUE,0.875,FALSE,-9.88419930827322,-0.693147180559945,250:52
250,52,5000,3,0.001,0.001,200000,2000,62;124;172,0.0253559773603458,4.69153987703036,10.8001446983939,0.001,collapsed-R,98775246.7207492,0.001,5,3,normal_limit,TRUE,1.291,FALSE,-9.89116440064798,-0.693147180559945,250:52
500,51,20,1,0.001,0.001,200000,2000,124,0,14.142135623731,14.142135623731,0.001,collapsed-R,19.0854219413771,0.002,5,1,interior,TRUE,0.715,TRUE,0.0468074790668887,0,500:51
500,51,20,2,0.001,0.001,200000,2000,124;357,0.00216440441257585,8.20344376028293,11.5019184186929,0.001,collapsed-R,4.31917744595027,0.004,5,0,interior,TRUE,0.368,TRUE,1.53266729545753,0,500:51
500,51,20,3,0.001,0.001,200000,2000,124;357;59,0.00994416214715798,4.53406179616359,10.8488720676402,0.001,collapsed-R,4.79824760761329,0.004,5,0,interior,TRUE,0.369,TRUE,1.42748150404594,0,500:51
500,51,50,1,0.001,0.001,200000,2000,124,0,14.142135623731,14.142135623731,0.001,collapsed-R,30.7356625222711,0.004,5,1,interior,TRUE,0.686,TRUE,0.486599379346689,0,500:51
500,51,50,2,0.001,0.001,200000,2000,124;168,0.00137119125474093,8.23039295729915,11.511736872967,0.001,collapsed-R,15.1313254081199,0.004,5,0,interior,TRUE,0.403,TRUE,1.19525588013485,0,500:51
500,51,50,3,0.001,0.001,200000,2000,124;168;364,0.0117092623667324,4.51696069211876,10.8825669819415,0.001,collapsed-R,10.8907485157293,0.004,5,0,interior,TRUE,0.369999999999999,TRUE,1.52410933661862,0,500:51
500,51,100,1,0.001,0.001,200000,2000,124,0,14.142135623731,14.142135623731,0.001,collapsed-R,99.1478069256227,0.004,5,1,interior,TRUE,1.239,TRUE,0.00855845002008504,0,500:51
500,51,100,2,0.001,0.001,200000,2000,124;204,0.000685585700015229,8.22517234595998,11.5098329772263,0.001,collapsed-R,58.0689920362639,0.004,5,1,interior,TRUE,1.029,TRUE,0.543538364490894,0,500:51
500,51,100,3,0.001,0.001,200000,2000,124;204;445,0.0133376619652911,4.85845643548354,10.8726538380824,0.001,collapsed-R,48.2345043499168,0.004,5,1,interior,TRUE,0.960000000000001,TRUE,0.729095563153484,0,500:51
500,51,200,1,0.001,0.001,200000,2000,124,0,14.142135623731,14.142135623731,0.001,collapsed-R,91.8894387873246,0.001,5,1,interior,TRUE,0.556999999999999,TRUE,0.777731264494044,0,500:51
500,51,200,2,0.001,0.001,200000,2000,124;268,0.000230272354748061,8.21819452101473,11.507289641372,0.001,collapsed-R,102.482746734218,0.002,5,2,interior,TRUE,0.611000000000001,TRUE,0.668622906681955,0,500:51
500,51,200,3,0.001,0.001,200000,2000,124;268;53,0.0262976214294466,4.37665894450899,10.8984994839082,0.001,collapsed-R,100.640344430909,0.002,5,2,interior,TRUE,0.609999999999999,TRUE,0.686764151196069,0,500:51
500,51,500,1,0.001,0.001,200000,2000,124,0,14.142135623731,14.142135623731,0.001,collapsed-R,404.778311345883,0.002,5,1,interior,TRUE,1.102,TRUE,0.211268560575325,0,500:51
500,51,500,2,0.001,0.001,200000,2000,124;307,0.000309984783695731,8.21758698747497,11.5070682780397,0.001,collapsed-R,352.400869231971,0.002,5,2,interior,TRUE,1.173,TRUE,0.349838737757162,0,500:51
500,51,500,3,0.001,0.001,200000,2000,124;307;247,0.00905371214795816,4.76251022449464,10.8774209431298,0.001,collapsed-R,335.554466252359,0.002,5,2,interior,TRUE,0.976999999999997,TRUE,0.398823811662568,0,500:51
500,51,1000,1,0.001,0.001,200000,2000,124,0,14.142135623731,14.142135623731,0.001,collapsed-R,301.640992406556,0.001,5,1,interior,TRUE,0.972000000000001,TRUE,1.19851773561678,0,500:51
500,51,1000,2,0.001,0.001,200000,2000,124;325,0.00262247853991935,8.23991452059112,11.5152115744971,0.001,collapsed-R,325.014555777534,0.001,5,2,interior,TRUE,0.870000000000005,TRUE,1.12388531064751,0,500:51
500,51,1000,3,0.001,0.001,200000,2000,124;325;55,0.0139733347352979,4.74252271008439,10.9135829689839,0.001,collapsed-R,277.000140177775,0.001,5,2,interior,TRUE,1.028,TRUE,1.28373726673798,0,500:51
500,51,2000,1,0.001,0.001,200000,2000,124,0,14.142135623731,14.142135623731,0.001,collapsed-R,859.233837530037,0.001,5,1,interior,TRUE,0.740000000000002,TRUE,0.84486135396282,0,500:51
500,51,2000,2,0.001,0.001,200000,2000,124;349,0.000558952905850304,8.22420781233462,11.5094813208827,0.001,collapsed-R,1007.47035341358,0.001,5,2,interior,TRUE,0.778999999999996,TRUE,0.685704592046423,0,500:51
500,51,2000,3,0.001,0.001,200000,2000,124;349;298,0.0142037043224985,4.56999066120396,10.8983520582391,0.001,collapsed-R,937.612859895327,0.001,5,2,interior,TRUE,0.585000000000001,TRUE,0.757565325054727,0,500:51
500,51,5000,1,0.001,0.001,200000,2000,124,0,14.142135623731,14.142135623731,0.001,collapsed-R,8303.75230207284,0.001,5,1,interior,TRUE,0.393999999999998,TRUE,-0.507269584796092,0,500:51
500,51,5000,2,0.001,0.001,200000,2000,124;332,0.002085022136909,8.20404956981333,11.502138872613,0.001,collapsed-R,8789.79062238112,0.001,5,2,interior,TRUE,0.428000000000004,TRUE,-0.564152978999889,0,500:51
500,51,5000,3,0.001,0.001,200000,2000,124;332;77,0.0106838820972327,4.80919175243491,10.8670991636946,0.001,collapsed-R,32874.3733023214,0.001,5,3,interior,TRUE,0.475000000000001,TRUE,-1.88325551483487,0,500:51
500,52,20,1,0.001,0.001,200000,2000,124,0,14.142135623731,14.142135623731,0.001,collapsed-R,2.09145209332632,0.006,5,0,interior,TRUE,0.554,TRUE,2.25787366733035,0,500:52
500,52,20,2,0.001,0.001,200000,2000,124;276,0.00187637712193885,8.20564169199243,11.5027183028969,0.001,collapsed-R,2.15478382432274,0.004,5,0,interior,TRUE,0.416,TRUE,2.22804186856935,0,500:52
500,52,20,3,0.001,0.001,200000,2000,124;276;347,0.0306339980684326,5.09227475073551,10.8449254373438,0.001,collapsed-R,2.13770188737261,0.004,5,0,interior,TRUE,0.397,TRUE,2.23600090595256,0,500:52
500,52,50,1,0.001,0.001,200000,2000,124,0,14.142135623731,14.142135623731,0.001,collapsed-R,42.6427652912423,0.002,5,1,interior,TRUE,0.823,TRUE,0.15916537562734,0,500:52
500,52,50,2,0.001,0.001,200000,2000,124;399,0.00602709980834342,8.17392427523519,11.4911909041914,0.001,collapsed-R,34.7699038611559,0.002,5,1,interior,TRUE,0.583,TRUE,0.363270824406277,0,500:52
500,52,50,3,0.001,0.001,200000,2000,124;399;268,0.0238560082073969,4.77844736762144,10.9268760817958,0.001,collapsed-R,24.8648335870349,0.002,5,1,interior,TRUE,0.513999999999999,TRUE,0.698568505942802,0,500:52
500,52,100,1,0.001,0.001,200000,2000,124,0,14.142135623731,14.142135623731,0.001,collapsed-R,90.4946408993778,0.004,5,1,interior,TRUE,0.817,TRUE,0.0998795536170434,0,500:52
500,52,100,2,0.001,0.001,200000,2000,124;79,0.00224920820554828,8.23707502842532,11.5141750487395,0.001,collapsed-R,145.536893532273,0.008,5,2,interior,TRUE,0.831999999999997,TRUE,-0.37525943227728,0,500:52
500,52,100,3,0.001,0.001,200000,2000,124;79;278,0.0162456781988128,4.7662752888105,10.916396332927,0.001,collapsed-R,133.31822832032,0.008,5,2,interior,TRUE,0.82,TRUE,-0.287568778436656,0,500:52
500,52,200,1,0.001,0.001,200000,2000,124,0,14.142135623731,14.142135623731,0.001,collapsed-R,168.637356220112,0.001,5,1,interior,TRUE,0.753,TRUE,0.170566778380828,0,500:52
500,52,200,2,0.001,0.001,200000,2000,124;293,0.0012679986660913,8.22960734813701,11.5114503134326,0.001,collapsed-R,169.072417253628,0.001,5,2,interior,TRUE,0.839000000000002,TRUE,0.167990238947443,0,500:52
500,52,200,3,0.001,0.001,200000,2000,124;293;168,0.0163858695168412,4.68753658297135,10.8222355421039,0.001,collapsed-R,127.807403124034,0.001,5,2,interior,TRUE,0.949999999999999,TRUE,0.447792898864224,0,500:52
500,52,500,1,0.001,0.001,200000,2000,124,0,14.142135623731,14.142135623731,0.001,collapsed-R,310.722250630562,0.001,5,1,interior,TRUE,0.783000000000001,TRUE,0.475708670069968,0,500:52
500,52,500,2,0.001,0.001,200000,2000,124;381,0.000512202036946397,8.22385169970146,11.5093514945829,0.001,collapsed-R,263.612706235138,0.001,5,2,interior,TRUE,0.917000000000002,TRUE,0.640127094242586,0,500:52
500,52,500,3,0.001,0.001,200000,2000,124;381;204,0.0118619322380596,4.62567945283297,10.9012679744617,0.001,collapsed-R,462.548266247102,0.002,5,3,interior,TRUE,1.229,TRUE,0.0778571874615865,0,500:52
500,52,1000,1,0.001,0.001,200000,2000,124,0,14.142135623731,14.142135623731,0.001,collapsed-R,517.014628118367,0.001,5,1,interior,TRUE,0.773000000000003,TRUE,0.659684110641164,0,500:52
500,52,1000,2,0.001,0.001,200000,2000,124;413,0.00030278462893613,8.22225637294603,11.5087699448772,0.001,collapsed-R,624.11329582528,0.001,5,2,interior,TRUE,0.604999999999997,TRUE,0.471423363270861,0,500:52
500,52,1000,3,0.001,0.001,200000,2000,124;413;340,0.00465394849286318,4.67016730107651,10.8848006029085,0.001,collapsed-R,464.193731984379,0.001,5,2,interior,TRUE,0.818000000000005,TRUE,0.767453288067133,0,500:52
500,52,2000,1,0.001,0.001,200000,2000,124,0,14.142135623731,14.142135623731,0.001,collapsed-R,672.748901713386,0.001,5,1,interior,TRUE,0.670000000000002,TRUE,1.08953030246946,0,500:52
500,52,2000,2,0.001,0.001,200000,2000,124;45,0.000198812114846513,8.22146423038799,11.5084812135497,0.001,collapsed-R,722.033830803844,0.001,5,2,interior,TRUE,0.808,TRUE,1.01883046467798,0,500:52
500,52,2000,3,0.001,0.001,200000,2000,124;45;285,0.0124638341938906,4.46315432677592,10.87045692031,0.001,collapsed-R,556.002263121148,0.001,5,2,interior,TRUE,0.497,TRUE,1.28013009493801,0,500:52
500,52,5000,1,0.001,0.001,200000,2000,124,0,14.142135623731,14.142135623731,0.001,collapsed-R,3874.66358391722,0.001,5,1,interior,TRUE,0.758000000000003,TRUE,0.254979070451229,0,500:52
500,52,5000,2,0.001,0.001,200000,2000,124;62,0.000155458856103712,8.21876468598347,11.5074973999556,0.001,collapsed-R,3042.55388552946,0.001,5,2,interior,TRUE,1.006,TRUE,0.496740655773197,0,500:52
500,52,5000,3,0.001,0.001,200000,2000,124;62;172,0.00471887732607626,4.67928291001035,10.8542727216446,0.001,collapsed-R,2530.14234837329,0.001,5,2,interior,TRUE,0.890000000000001,TRUE,0.681162347098276,0,500:52
1000,51,20,1,0.001,0.001,200000,2000,249,0,14.142135623731,14.142135623731,0.001,collapsed-R,4.85174524398934,0.006,5,0,interior,TRUE,0.718,TRUE,1.41639378921145,0.693147180559945,1000:51
1000,51,20,2,0.001,0.001,200000,2000,249;367,0.00206371860163356,8.20421214295255,11.5021980349847,0.001,collapsed-R,4.4558749080273,0.006,5,0,interior,TRUE,0.541,TRUE,1.50150884402788,0.693147180559945,1000:51
1000,51,20,3,0.001,0.001,200000,2000,249;367;856,0.00355934043937113,4.67709804738348,10.8715467859242,0.001,collapsed-R,5.18017735810799,0.008,5,0,interior,TRUE,0.662999999999999,TRUE,1.35089297885175,0.693147180559945,1000:51
1000,51,50,1,0.001,0.001,200000,2000,249,0,14.142135623731,14.142135623731,0.001,collapsed-R,17.1343065128041,0.01,5,0,interior,TRUE,0.564,TRUE,1.07094032289,0.693147180559945,1000:51
1000,51,50,2,0.001,0.001,200000,2000,249;151,0.00134973263063647,8.23022959666212,11.5116772837227,0.001,collapsed-R,16.9466780939757,0.01,5,0,interior,TRUE,0.66,TRUE,1.0819511734651,0.693147180559945,1000:51
1000,51,50,3,0.001,0.001,200000,2000,249;151;741,0.0304189958525954,4.20816241489102,10.8545428116041,0.001,collapsed-R,19.6174305727889,0.01,5,0,interior,TRUE,0.655000000000001,TRUE,0.935604519459704,0.693147180559945,1000:51
1000,51,100,1,0.001,0.001,200000,2000,249,0,14.142135623731,14.142135623731,0.001,collapsed-R,58.7199706929857,0.004,5,1,interior,TRUE,1.093,TRUE,0.532390300779611,0.693147180559945,1000:51
1000,51,100,2,0.001,0.001,200000,2000,249;704,0.000419085928081727,8.22314237693134,11.5090929125202,0.001,collapsed-R,60.3210350579295,0.004,5,1,interior,TRUE,0.774000000000001,TRUE,0.505489302987179,0.693147180559945,1000:51
1000,51,100,3,0.001,0.001,200000,2000,249;704;606,0.0037578650476648,4.70797673800038,10.865187324958,0.001,collapsed-R,59.3774420172462,0.004,5,1,interior,TRUE,0.796999999999997,TRUE,0.521255795767534,0.693147180559945,1000:51
1000,51,200,1,0.001,0.001,200000,2000,249,0,14.142135623731,14.142135623731,0.001,collapsed-R,156.385023931988,0.002,5,1,interior,TRUE,1.047,TRUE,0.245996297932183,0.693147180559945,1000:51
1000,51,200,2,0.001,0.001,200000,2000,249;134,0.00166179779012938,8.23260504966556,11.5125438664718,0.001,collapsed-R,163.974168472929,0.002,5,2,interior,TRUE,1.14100000000001,TRUE,0.19860846044114,0.693147180559945,1000:51
1000,51,200,3,0.001,0.001,200000,2000,249;134;633,0.00373649639059121,4.60316305817708,10.8683091454833,0.001,collapsed-R,159.085818265593,0.002,5,2,interior,TRUE,0.957000000000001,TRUE,0.228873572414257,0.693147180559945,1000:51
1000,51,500,1,0.001,0.001,200000,2000,249,0,14.142135623731,14.142135623731,0.001,collapsed-R,469.829635668446,0.002,5,1,interior,TRUE,1.171,TRUE,0.0622379467300425,0.693147180559945,1000:51
1000,51,500,2,0.001,0.001,200000,2000,249;90,0.000269431428189713,8.22200226893748,11.5086773232115,0.001,collapsed-R,566.859698295095,0.002,5,2,interior,TRUE,1.21,TRUE,-0.125503728998162,0.693147180559945,1000:51
1000,51,500,3,0.001,0.001,200000,2000,249;90;380,0.0114287897791573,4.54577747148934,10.8450277372074,0.001,collapsed-R,632.8413651138,0.002,5,2,interior,TRUE,1.16399999999999,TRUE,-0.235611684279473,0.693147180559945,1000:51
1000,51,1000,1,0.001,0.001,200000,2000,249,0,14.142135623731,14.142135623731,0.001,collapsed-R,532.042335258706,0.001,5,1,interior,TRUE,0.957000000000008,TRUE,0.63103221525266,0.693147180559945,1000:51
1000,51,1000,2,0.001,0.001,200000,2000,249;347,9.6703761302826e-05,8.21921244635655,11.5076605638251,0.001,collapsed-R,554.807594687875,0.001,5,2,interior,TRUE,1.029,TRUE,0.589133901579864,0.693147180559945,1000:51
1000,51,1000,3,0.001,0.001,200000,2000,249;347;674,0.00987822716608655,4.54689967414306,10.8770975712604,0.001,collapsed-R,508.248138222675,0.001,5,2,interior,TRUE,0.938999999999993,TRUE,0.676785489593671,0.693147180559945,1000:51
1000,51,2000,1,0.001,0.001,200000,2000,249,0,14.142135623731,14.142135623731,0.001,collapsed-R,998.990223801063,0.001,5,1,interior,TRUE,1.32599999999999,TRUE,0.694157466926334,0.693147180559945,1000:51
1000,51,2000,2,0.001,0.001,200000,2000,249;826,0.000418545891522892,8.22313826300448,11.5090914128453,0.001,collapsed-R,1073.43443416152,0.001,5,2,interior,TRUE,1.226,TRUE,0.622283920789464,0.693147180559945,1000:51
1000,51,2000,3,0.001,0.001,200000,2000,249;826;465,0.00799926434067568,4.69142424168954,10.8946253477411,0.001,collapsed-R,923.691962546454,0.001,5,2,interior,TRUE,1.149,TRUE,0.772523817349293,0.693147180559945,1000:51
1000,51,5000,1,0.001,0.001,200000,2000,249,0,14.142135623731,14.142135623731,0.001,collapsed-R,27650.3387982149,0.001,5,1,interior,TRUE,1.48699999999999,TRUE,-1.71020006855917,0.693147180559945,1000:51
1000,51,5000,2,0.001,0.001,200000,2000,249;680,0.00140164478944428,8.2092633914506,11.5040366790694,0.001,collapsed-R,136692.738412406,0.001,5,2,interior,TRUE,1.405,TRUE,-3.30829770927334,0.693147180559945,1000:51
1000,51,5000,3,0.001,0.001,200000,2000,249;680;444,0.00237740610418859,4.65181643170206,10.8527963605616,0.001,collapsed-R,16964.5089177013,0.001,5,2,interior,TRUE,0.966000000000008,TRUE,-1.22168553859275,0.693147180559945,1000:51
1000,52,20,1,0.001,0.001,200000,2000,249,0,14.142135623731,14.142135623731,0.001,collapsed-R,14.3069411653336,0.006,5,0,interior,TRUE,0.642,TRUE,0.334987457877571,0.693147180559945,1000:52
1000,52,20,2,0.001,0.001,200000,2000,249;380,0.000134594395136313,8.22097494143624,11.508302880869,0.001,collapsed-R,10.8052451269932,0.006,5,0,interior,TRUE,0.506,TRUE,0.615700597411642,0.693147180559945,1000:52
1000,52,20,3,0.001,0.001,200000,2000,249;380;714,0.0241173931929995,4.36621843025737,10.8904635657345,0.001,collapsed-R,13.355798619629,0.006,5,0,interior,TRUE,0.564,TRUE,0.403781629481658,0.693147180559945,1000:52
1000,52,50,1,0.001,0.001,200000,2000,249,0,14.142135623731,14.142135623731,0.001,collapsed-R,34.4174324870729,0.006,5,1,interior,TRUE,0.919999999999998,TRUE,0.373459811062298,0.693147180559945,1000:52
1000,52,50,2,0.001,0.001,200000,2000,249;880,0.00118868661426253,8.2290035036567,11.5112300682987,0.001,collapsed-R,19.4067632165661,0.004,5,0,interior,TRUE,0.701000000000001,TRUE,0.946401380701867,0.693147180559945,1000:52
1000,52,50,3,0.001,0.001,200000,2000,249;880;542,0.00969142825586885,4.51040210397586,10.8739079662004,0.001,collapsed-R,15.4464798078083,0.004,5,0,interior,TRUE,0.597999999999999,TRUE,1.17464187219962,0.693147180559945,1000:52
1000,52,100,1,0.001,0.001,200000,2000,249,0,14.142135623731,14.142135623731,0.001,collapsed-R,179.807605336205,0.006,5,1,interior,TRUE,1.058,TRUE,-0.586717234021402,0.693147180559945,1000:52
1000,52,100,2,0.001,0.001,200000,2000,249;471,0.00057045281652837,8.22429540812862,11.5095132559044,0.001,collapsed-R,56.4047917623774,0.004,5,0,interior,TRUE,0.799,TRUE,0.572616070767162,0.693147180559945,1000:52
1000,52,100,3,0.001,0.001,200000,2000,249;471;900,0.00807669767676241,4.57194969000609,10.8783546182384,0.001,collapsed-R,38.0899780724706,0.004,5,0,interior,TRUE,0.613999999999997,TRUE,0.965218981174547,0.693147180559945,1000:52
1000,52,200,1,0.001,0.001,200000,2000,249,0,14.142135623731,14.142135623731,0.001,collapsed-R,172.29380395682,0.002,5,1,interior,TRUE,1.374,TRUE,0.149116184445319,0.693147180559945,1000:52
1000,52,200,2,0.001,0.001,200000,2000,249;104,0.00110452865153437,8.22836272784933,11.5109963659657,0.001,collapsed-R,196.947450535797,0.002,5,2,interior,TRUE,1.376,TRUE,0.015380421943024,0.693147180559945,1000:52
1000,52,200,3,0.001,0.001,200000,2000,249;104;414,0.0085851649093118,4.79477172677096,10.8697861445269,0.001,collapsed-R,186.939320815423,0.002,5,2,interior,TRUE,1.19,TRUE,0.0675332899690071,0.693147180559945,1000:52
1000,52,500,1,0.001,0.001,200000,2000,249,0,14.142135623731,14.142135623731,0.001,collapsed-R,305.363234214965,0.002,5,1,interior,TRUE,1.482,TRUE,0.493106098559236,0.693147180559945,1000:52
1000,52,500,2,0.001,0.001,200000,2000,249;360,0.000143761098041723,8.22104478591922,11.5083283368267,0.001,collapsed-R,309.90173492299,0.002,5,2,interior,TRUE,1.284,TRUE,0.478352835312472,0.693147180559945,1000:52
1000,52,500,3,0.001,0.001,200000,2000,249;360;603,0.00980134896719442,4.52446410642434,10.8733138108775,0.001,collapsed-R,276.029853316101,0.002,5,2,interior,TRUE,1.231,TRUE,0.594099074365594,0.693147180559945,1000:52
1000,52,1000,1,0.001,0.001,200000,2000,249,0,14.142135623731,14.142135623731,0.001,collapsed-R,494.64638644299,0.001,5,1,interior,TRUE,0.844000000000008,TRUE,0.70391214252011,0.693147180559945,1000:52
1000,52,1000,2,0.001,0.001,200000,2000,249;360,0.000466018655102724,8.21639766620548,11.5066349672706,0.001,collapsed-R,595.469126045638,0.001,5,2,interior,TRUE,0.826000000000008,TRUE,0.518405736962142,0.693147180559945,1000:52
1000,52,1000,3,0.001,0.001,200000,2000,249;360;674,0.00724349855807895,4.54619390919229,10.86252068742,0.001,collapsed-R,518.436775923444,0.001,5,3,interior,TRUE,1.059,TRUE,0.656937195249934,0.693147180559945,1000:52
1000,52,2000,1,0.001,0.001,200000,2000,249,0,14.142135623731,14.142135623731,0.001,collapsed-R,474.677274694551,0.001,5,1,interior,TRUE,1.387,TRUE,1.43826730811464,0.693147180559945,1000:52
1000,52,2000,2,0.001,0.001,200000,2000,249;579,1.60616751371258e-05,8.21982697276006,11.507884507937,0.001,collapsed-R,511.944108459861,0.001,5,2,interior,TRUE,1.271,TRUE,1.36268700362564,0.693147180559945,1000:52
1000,52,2000,3,0.001,0.001,200000,2000,249;579;917,0.012031774865947,4.84893289767092,10.8641656822363,0.001,collapsed-R,446.328730844136,0.001,5,2,interior,TRUE,1.042,TRUE,1.49984671434783,0.693147180559945,1000:52
1000,52,5000,1,0.001,0.001,200000,2000,249,0,14.142135623731,14.142135623731,0.001,collapsed-R,2895.26422772249,0.001,5,1,interior,TRUE,1.242,TRUE,0.546361535203567,0.693147180559945,1000:52
1000,52,5000,2,0.001,0.001,200000,2000,249;758,0.000159916497490275,8.2187307144677,11.5074850210044,0.001,collapsed-R,4089.87069885731,0.001,5,2,interior,TRUE,1.38200000000001,TRUE,0.20092455685044,0.693147180559945,1000:52
1000,52,5000,3,0.001,0.001,200000,2000,249;758;502,0.00235470159652057,4.67069399386449,10.8604228625541,0.001,collapsed-R,4192.47108639629,0.001,5,3,interior,TRUE,1.592,TRUE,0.176147594249205,0.693147180559945,1000:52
2000,51,20,1,0.001,0.001,200000,2000,497,0,14.142135623731,14.142135623731,0.001,collapsed-R,4.82721060329146,0.006,5,0,interior,TRUE,1.749,TRUE,1.42146348756193,1.38629436111989,2000:51
2000,51,20,2,0.001,0.001,200000,2000,497;895,0.00242649172993789,8.23842372879582,11.5146673442425,0.001,collapsed-R,5.46646692624084,0.006,5,0,interior,TRUE,1.758,TRUE,1.29709976594225,1.38629436111989,2000:51
2000,51,20,3,0.001,0.001,200000,2000,497;895;673,0.00944776779803929,4.67640291474561,10.9099742086272,0.001,collapsed-R,4.69519935266041,0.006,5,0,interior,TRUE,1.678,TRUE,1.44919170116465,1.38629436111989,2000:51
2000,51,50,1,0.001,0.001,200000,2000,497,0,14.142135623731,14.142135623731,0.001,collapsed-R,45.2183962742761,0.004,5,1,interior,TRUE,2.04199999999999,TRUE,0.100519004172365,1.38629436111989,2000:51
2000,51,50,2,0.001,0.001,200000,2000,497;1435,0.000413824151957514,8.22310229335228,11.5090783006316,0.001,collapsed-R,21.7549399467299,0.004,5,0,interior,TRUE,1.713,TRUE,0.832182149694619,1.38629436111989,2000:51
2000,51,50,3,0.001,0.001,200000,2000,497;1435;1159,0.0185202494142719,4.83257842768336,10.9033084180067,0.001,collapsed-R,17.5027679255359,0.004,5,0,interior,TRUE,1.657,TRUE,1.04966396983231,1.38629436111989,2000:51
2000,51,100,1,0.001,0.001,200000,2000,497,0,14.142135623731,14.142135623731,0.001,collapsed-R,90.9997566001296,0.002,5,1,interior,TRUE,2.813,TRUE,0.0943133541986692,1.38629436111989,2000:51
2000,51,100,2,0.001,0.001,200000,2000,497;747,0.000238550316540127,8.22176699341332,11.5085915664719,0.001,collapsed-R,73.0561431470854,0.002,5,1,interior,TRUE,2.70400000000001,TRUE,0.313941956226762,1.38629436111989,2000:51
2000,51,100,3,0.001,0.001,200000,2000,497;747;1469,0.012217282822188,4.7217407133189,10.9051438218988,0.001,collapsed-R,54.8264983003382,0.002,5,1,interior,TRUE,2.423,TRUE,0.600996563278025,1.38629436111989,2000:51
2000,51,200,1,0.001,0.001,200000,2000,497,0,14.142135623731,14.142135623731,0.001,collapsed-R,180.43649992552,0.002,5,1,interior,TRUE,2.45699999999999,TRUE,0.102938451638226,1.38629436111989,2000:51
2000,51,200,2,0.001,0.001,200000,2000,497;1590,0.00143128333661976,8.20903731658743,11.5039543703753,0.001,collapsed-R,127.770380051927,0.002,5,1,interior,TRUE,2.06200000000001,TRUE,0.448082619448743,1.38629436111989,2000:51
2000,51,200,3,0.001,0.001,200000,2000,497;1590;1806,0.0191694180333838,4.53023439822909,10.8087559307629,0.001,collapsed-R,101.926408548572,0.002,5,1,interior,TRUE,1.956,TRUE,0.674066298477113,1.38629436111989,2000:51
2000,51,500,1,0.001,0.001,200000,2000,497,0,14.142135623731,14.142135623731,0.001,collapsed-R,343.28506479065,0.002,5,1,interior,TRUE,2.36000000000001,TRUE,0.376046903738436,1.38629436111989,2000:51
2000,51,500,2,0.001,0.001,200000,2000,497;322,0.000458700987780112,8.21645344584832,11.5066552886817,0.001,collapsed-R,391.083511297267,0.002,5,2,interior,TRUE,2.48000000000002,TRUE,0.245686977362137,1.38629436111989,2000:51
2000,51,500,3,0.001,0.001,200000,2000,497;322;1692,0.00364888035408703,4.70374598770757,10.8685941208172,0.001,collapsed-R,434.971668663245,0.002,5,3,interior,TRUE,2.767,TRUE,0.139327198964308,1.38629436111989,2000:51
2000,51,1000,1,0.001,0.001,200000,2000,497,0,14.142135623731,14.142135623731,0.001,collapsed-R,442.3523672591,0.001,5,1,interior,TRUE,2.48000000000002,TRUE,0.815648503514897,1.38629436111989,2000:51
2000,51,1000,2,0.001,0.001,200000,2000,497;173,0.000584319164370655,8.21549586894017,11.5063064423468,0.001,collapsed-R,372.260437084322,0.001,5,2,interior,TRUE,2.161,TRUE,0.988161569975418,1.38629436111989,2000:51
2000,51,1000,3,0.001,0.001,200000,2000,497;173;1665,0.00183231557388722,4.62955346499394,10.8637996862648,0.001,collapsed-R,330.945570972895,0.001,5,2,interior,TRUE,2.14999999999998,TRUE,1.10580135527486,1.38629436111989,2000:51
2000,51,2000,1,0.001,0.001,200000,2000,497,0,14.142135623731,14.142135623731,0.001,collapsed-R,1451.78963694857,0.001,5,1,interior,TRUE,2.292,TRUE,0.320350152787785,1.38629436111989,2000:51
2000,51,2000,2,0.001,0.001,200000,2000,497;1658,4.69837196399291e-05,8.22030738069889,11.5080595855725,0.001,collapsed-R,2143.61037690708,0.001,5,2,interior,TRUE,2.352,TRUE,-0.0693443189453618,1.38629436111989,2000:51
2000,51,2000,3,0.001,0.001,200000,2000,497;1658;828,0.00367079733724254,4.64051728985939,10.8537801683086,0.001,collapsed-R,2188.23503251738,0.001,5,2,interior,TRUE,1.98399999999998,TRUE,-0.0899481171144236,1.38629436111989,2000:51
2000,51,5000,1,0.001,0.001,200000,2000,497,0,14.142135623731,14.142135623731,0.001,collapsed-R,5010.75724765033,0.001,5,1,interior,TRUE,2.494,TRUE,-0.00214913847667475,1.38629436111989,2000:51
2000,51,5000,2,0.001,0.001,200000,2000,497;828,3.38758337736998e-05,8.22020749994366,11.5080231848713,0.001,collapsed-R,5549.59319939669,0.001,5,2,interior,TRUE,2.03,TRUE,-0.104286715231854,1.38629436111989,2000:51
2000,51,5000,3,0.001,0.001,200000,2000,497;828;1732,0.00270684540059594,4.68960435431489,10.8636749464309,0.001,collapsed-R,6493.97899709059,0.001,5,3,interior,TRUE,2.20600000000002,TRUE,-0.261437527039073,1.38629436111989,2000:51
2000,52,20,1,0.001,0.001,200000,2000,497,0,14.142135623731,14.142135623731,0.001,collapsed-R,3.87237673634794,0.006,5,0,interior,TRUE,1.967,TRUE,1.64186381126224,1.38629436111989,2000:52
2000,52,20,2,0.001,0.001,200000,2000,497;1091,0.000805090294674133,8.21381274343847,11.5056933507621,0.001,collapsed-R,5.31414458742046,0.006,5,0,interior,TRUE,1.607,TRUE,1.32536021781338,1.38629436111989,2000:52
2000,52,20,3,0.001,0.001,200000,2000,497;1091;1779,0.0100978918073702,4.75109204824227,10.8842249799205,0.001,collapsed-R,5.45454882376955,0.006,5,0,interior,TRUE,1.68,TRUE,1.29928236643937,1.38629436111989,2000:52
2000,52,50,1,0.001,0.001,200000,2000,497,0,14.142135623731,14.142135623731,0.001,collapsed-R,17.2731446074848,0.004,5,1,interior,TRUE,1.684,TRUE,1.06287004487195,1.38629436111989,2000:52
2000,52,50,2,0.001,0.001,200000,2000,497;1570,0.00188495119358875,8.20557626984367,11.5026944917937,0.001,collapsed-R,14.1410117657619,0.004,5,0,interior,TRUE,1.622,TRUE,1.26294379407104,1.38629436111989,2000:52
2000,52,50,3,0.001,0.001,200000,2000,497;1570;1827,0.0171027901649254,4.69646203749117,10.8102941163975,0.001,collapsed-R,12.2741608282063,0.004,5,0,interior,TRUE,1.64,TRUE,1.40452669838542,1.38629436111989,2000:52
2000,52,100,1,0.001,0.001,200000,2000,497,0,14.142135623731,14.142135623731,0.001,collapsed-R,71.1325901757806,0.002,5,1,interior,TRUE,2.32600000000001,TRUE,0.340624583231399,1.38629436111989,2000:52
2000,52,100,2,0.001,0.001,200000,2000,497;1125,0.000607603660174581,8.22457838440533,11.5096164230051,0.001,collapsed-R,42.8167520031603,0.002,5,1,interior,TRUE,2.07499999999999,TRUE,0.848240758035102,1.38629436111989,2000:52
2000,52,100,3,0.001,0.001,200000,2000,497;1125;956,0.0210991305896223,4.46412320577174,10.8238291451043,0.001,collapsed-R,40.3168122836044,0.002,5,1,interior,TRUE,1.946,TRUE,0.908401625776897,1.38629436111989,2000:52
2000,52,200,1,0.001,0.001,200000,2000,497,0,14.142135623731,14.142135623731,0.001,collapsed-R,162.040277737261,0.002,5,1,interior,TRUE,2.102,TRUE,0.210472434210689,1.38629436111989,2000:52
2000,52,200,2,0.001,0.001,200000,2000,497;1267,0.00116873066280646,8.21103983315096,11.5046834993049,0.001,collapsed-R,99.9041700957575,0.002,5,1,interior,TRUE,2.03,TRUE,0.694105939064456,1.38629436111989,2000:52
2000,52,200,3,0.001,0.001,200000,2000,497;1267;1806,0.00990171789927971,4.77792223073136,10.8529634217315,0.001,collapsed-R,80.854314604601,0.002,5,1,interior,TRUE,2.309,TRUE,0.905668416400252,1.38629436111989,2000:52
2000,52,500,1,0.001,0.001,200000,2000,497,0,14.142135623731,14.142135623731,0.001,collapsed-R,1584.42405487534,0.002,5,1,interior,TRUE,2.137,TRUE,-1.15336814953507,1.38629436111989,2000:52
2000,52,500,2,0.001,0.001,200000,2000,497;1705,0.000161707494839666,8.22118152481512,11.5083781740043,0.001,collapsed-R,1290.19680360095,0.002,5,2,interior,TRUE,2.25,TRUE,-0.94794194822826,1.38629436111989,2000:52
2000,52,500,3,0.001,0.001,200000,2000,497;1705;1030,0.00213897934453701,4.63222157961734,10.8689449363312,0.001,collapsed-R,1260.24426377828,0.002,5,3,interior,TRUE,2.40100000000001,TRUE,-0.924452742876375,1.38629436111989,2000:52
2000,52,1000,1,0.001,0.001,200000,2000,497,0,14.142135623731,14.142135623731,0.001,collapsed-R,495.302249552941,0.001,5,1,interior,TRUE,2.06399999999999,TRUE,0.702587097599468,1.38629436111989,2000:52
2000,52,1000,2,0.001,0.001,200000,2000,497;281,0.00176930797806995,8.20645862095415,11.5030156449195,0.001,collapsed-R,499.256483926204,0.001,5,2,interior,TRUE,2.12599999999998,TRUE,0.694635319437139,1.38629436111989,2000:52
2000,52,1000,3,0.001,0.001,200000,2000,497;281;1422,0.00537005906557784,4.69483656016743,10.875707972059,0.001,collapsed-R,445.806199288434,0.001,5,2,interior,TRUE,2.036,TRUE,0.807870952141336,1.38629436111989,2000:52
2000,52,2000,1,0.001,0.001,200000,2000,497,0,14.142135623731,14.142135623731,0.001,collapsed-R,1244.54622503859,0.001,5,1,interior,TRUE,1.774,TRUE,0.474376194962131,1.38629436111989,2000:52
2000,52,2000,2,0.001,0.001,200000,2000,497;308,0.000327088720566399,8.22244153183821,11.5088374371765,0.001,collapsed-R,1461.09454883956,0.001,5,2,interior,TRUE,1.85399999999999,TRUE,0.313961334731615,1.38629436111989,2000:52
2000,52,2000,3,0.001,0.001,200000,2000,497;308;1435,0.00253030846531975,4.69162552064136,10.8688882410198,0.001,collapsed-R,1257.93591524726,0.001,5,2,interior,TRUE,1.60500000000002,TRUE,0.463674965354106,1.38629436111989,2000:52
2000,52,5000,1,0.001,0.001,200000,2000,497,0,14.142135623731,14.142135623731,0.001,collapsed-R,2779.03943962184,0.001,5,1,interior,TRUE,1.798,TRUE,0.587332569755066,1.38629436111989,2000:52
2000,52,5000,2,0.001,0.001,200000,2000,497;1482,0.000697843723001067,8.22526570800987,11.5098670174272,0.001,collapsed-R,3042.05038887226,0.001,5,2,interior,TRUE,1.785,TRUE,0.496906154344885,1.38629436111989,2000:52
2000,52,5000,3,0.001,0.001,200000,2000,497;1482;1827,0.00419318357993511,4.58930599342911,10.8692671828061,0.001,collapsed-R,2701.59198912999,0.001,5,2,interior,TRUE,1.87300000000002,TRUE,0.615596687580995,1.38629436111989,2000:52
