method,estimation_stage,J,h2,true_eta0,fits,finite_fits,finite_frequency,normal_limit_frequency,optimization_boundary_frequency,convergence_frequency,median_raw_eta0
AIW-N,actual_selection,1000,2e-04,20,2,2,1,0,0,1,21.1137272512466
AIW-N,oracle_lambda_oracle_L,1000,2e-04,20,2,2,1,0,0,1,5.84412489578544
AIW-N,selected_lambda_oracle_L,1000,2e-04,20,2,2,1,0,0,1,20.0629002203295
collapsed-R,actual_selection,1000,2e-04,20,2,2,1,0,0,1,10.202005293259
collapsed-R,oracle_lambda,1000,2e-04,20,2,2,1,0,0,1,1.14255306971111
AIW-N,actual_selection,1000,0.001,20,2,2,1,0,0,1,13.2893544517186
AIW-N,oracle_lambda_oracle_L,1000,0.001,20,2,2,1,0,0,1,6.84383245832107
AIW-N,selected_lambda_oracle_L,1000,0.001,20,2,2,1,0,0,1,20.5574537282022
collapsed-R,actual_selection,1000,0.001,20,2,2,1,0,0,1,4.15900675735121
collapsed-R,oracle_lambda,1000,0.001,20,2,2,1,0,0,1,1
AIW-N,actual_selection,1000,0.005,20,2,2,1,0,0,1,14.3814362048355
AIW-N,oracle_lambda_oracle_L,1000,0.005,20,2,2,1,0,0,1,7.2172238983114
AIW-N,selected_lambda_oracle_L,1000,0.005,20,2,2,1,0,0,1,20.7218375211925
collapsed-R,actual_selection,1000,0.005,20,2,2,1,0,0,1,1.70900794069669
collapsed-R,oracle_lambda,1000,0.005,20,2,2,1,0,0,1,1
AIW-N,actual_selection,1000,2e-04,50,2,2,1,0,0,1,166.79394000187
AIW-N,oracle_lambda_oracle_L,1000,2e-04,50,2,2,1,0,0,1,21.5759017072656
AIW-N,selected_lambda_oracle_L,1000,2e-04,50,2,2,1,0,0,1,112.802771490273
collapsed-R,actual_selection,1000,2e-04,50,2,2,1,0,0,1,95.653553519524
collapsed-R,oracle_lambda,1000,2e-04,50,2,2,1,0,0,1,13.2684573261836
AIW-N,actual_selection,1000,0.001,50,2,2,1,0,0,1,56.4096858317654
AIW-N,oracle_lambda_oracle_L,1000,0.001,50,2,2,1,0,0,1,22.0580253677689
AIW-N,selected_lambda_oracle_L,1000,0.001,50,2,2,1,0,0,1,69.3416883432563
collapsed-R,actual_selection,1000,0.001,50,2,2,1,0,0,1,51.286867161967
collapsed-R,oracle_lambda,1000,0.001,50,2,2,1,0,0,1,11.7468919247867
AIW-N,actual_selection,1000,0.005,50,2,2,1,0,0,1,54.2004938464292
AIW-N,oracle_lambda_oracle_L,1000,0.005,50,2,2,1,0,0,1,21.4522148614053
AIW-N,selected_lambda_oracle_L,1000,0.005,50,2,2,1,0,0,1,64.8676349159527
collapsed-R,actual_selection,1000,0.005,50,2,2,1,0,0,1,32.943138056555
collapsed-R,oracle_lambda,1000,0.005,50,2,2,1,0,0,1,2.71044591682664
AIW-N,actual_selection,1000,2e-04,100,2,2,1,0,0,1,83.0735623383068
AIW-N,oracle_lambda_oracle_L,1000,2e-04,100,2,2,1,0,0,1,28.3357931039086
AIW-N,selected_lambda_oracle_L,1000,2e-04,100,2,2,1,0,0,1,57.750443982673
collapsed-R,actual_selection,1000,2e-04,100,2,2,1,0,0,1,26.9382807645515
collapsed-R,oracle_lambda,1000,2e-04,100,2,2,1,0,0,1,8.33393910529384
AIW-N,actual_selection,1000,0.001,100,2,2,1,0,0,1,56.6717453253448
AIW-N,oracle_lambda_oracle_L,1000,0.001,100,2,2,1,0,0,1,47.4566994916359
AIW-N,selected_lambda_oracle_L,1000,0.001,100,2,2,1,0,0,1,70.2827646477277
collapsed-R,actual_selection,1000,0.001,100,2,2,1,0,0,1,54.5303549962852
collapsed-R,oracle_lambda,1000,0.001,100,2,2,1,0,0,1,34.80156071721
AIW-N,actual_selection,1000,0.005,100,2,2,1,0,0,1,61.8257009666269
AIW-N,oracle_lambda_oracle_L,1000,0.005,100,2,2,1,0,0,1,56.1756748101065
AIW-N,selected_lambda_oracle_L,1000,0.005,100,2,2,1,0,0,1,76.5748905494212
collapsed-R,actual_selection,1000,0.005,100,2,2,1,0,0,1,36.9366999828426
collapsed-R,oracle_lambda,1000,0.005,100,2,2,1,0,0,1,10.3913334325629
AIW-N,actual_selection,1000,2e-04,200,2,2,1,0,0,1,523.031728950129
AIW-N,oracle_lambda_oracle_L,1000,2e-04,200,2,2,1,0,0,1,108.13765385313
AIW-N,selected_lambda_oracle_L,1000,2e-04,200,2,2,1,0,0,1,358.245225891223
collapsed-R,actual_selection,1000,2e-04,200,2,2,1,0,0,1,347.956194368115
collapsed-R,oracle_lambda,1000,2e-04,200,2,2,1,0,0,1,92.5490805773391
AIW-N,actual_selection,1000,0.001,200,2,2,1,0,0,1,272.888772544073
AIW-N,oracle_lambda_oracle_L,1000,0.001,200,2,2,1,0,0,1,115.451091602655
AIW-N,selected_lambda_oracle_L,1000,0.001,200,2,2,1,0,0,1,240.56513187707
collapsed-R,actual_selection,1000,0.001,200,2,2,1,0,0,1,205.158509643784
collapsed-R,oracle_lambda,1000,0.001,200,2,2,1,0,0,1,93.2018959195899
AIW-N,actual_selection,1000,0.005,200,2,2,1,0,0,1,197.352204600106
AIW-N,oracle_lambda_oracle_L,1000,0.005,200,2,2,1,0,0,1,119.909386453348
AIW-N,selected_lambda_oracle_L,1000,0.005,200,2,2,1,0,0,1,197.352204600106
collapsed-R,actual_selection,1000,0.005,200,2,2,1,0,0,1,154.662730683747
collapsed-R,oracle_lambda,1000,0.005,200,2,2,1,0,0,1,62.8328669701382
AIW-N,actual_selection,1000,2e-04,500,2,2,1,0,0,1,165.797133053472
AIW-N,oracle_lambda_oracle_L,1000,2e-04,500,2,2,1,0,0,1,144.49463901184
AIW-N,selected_lambda_oracle_L,1000,2e-04,500,2,2,1,0,0,1,144.49463901184
collapsed-R,actual_selection,1000,2e-04,500,2,2,1,0,0,1,116.862172753871
collapsed-R,oracle_lambda,1000,2e-04,500,2,2,1,0,0,1,116.862172753871
AIW-N,actual_selection,1000,0.001,500,2,2,1,0,0,1,440.037661394788
AIW-N,oracle_lambda_oracle_L,1000,0.001,500,2,2,1,0,0,1,191.376967194024
AIW-N,selected_lambda_oracle_L,1000,0.001,500,2,2,1,0,0,1,286.687008988594
collapsed-R,actual_selection,1000,0.001,500,2,2,1,0,0,1,393.526883114225
collapsed-R,oracle_lambda,1000,0.001,500,2,2,1,0,0,1,149.091874443061
AIW-N,actual_selection,1000,0.005,500,2,2,1,0,0,1,506.516627870288
AIW-N,oracle_lambda_oracle_L,1000,0.005,500,2,2,1,0,0,1,208.326021814313
AIW-N,selected_lambda_oracle_L,1000,0.005,500,2,2,1,0,0,1,506.516627870288
collapsed-R,actual_selection,1000,0.005,500,2,2,1,0,0,1,596.041982031649
collapsed-R,oracle_lambda,1000,0.005,500,2,2,1,0,0,1,155.868525942729
AIW-N,actual_selection,1000,2e-04,1000,2,1,0.5,0.5,0,1,285.315118652813
AIW-N,oracle_lambda_oracle_L,1000,2e-04,1000,2,2,1,0,0,1,6286.42343479867
AIW-N,selected_lambda_oracle_L,1000,2e-04,1000,2,2,1,0,0,1,6286.42343479867
collapsed-R,actual_selection,1000,2e-04,1000,2,2,1,0,0,1,500082.129606473
collapsed-R,oracle_lambda,1000,2e-04,1000,2,2,1,0,0,1,500082.129606473
AIW-N,actual_selection,1000,0.001,1000,2,2,1,0,0,1,8405.26977286417
AIW-N,oracle_lambda_oracle_L,1000,0.001,1000,2,2,1,0,0,1,509.616293453189
AIW-N,selected_lambda_oracle_L,1000,0.001,1000,2,2,1,0,0,1,2816.60830708278
collapsed-R,actual_selection,1000,0.001,1000,2,2,1,0,0,1,3867.9013092201
collapsed-R,oracle_lambda,1000,0.001,1000,2,2,1,0,0,1,458.015574544976
AIW-N,actual_selection,1000,0.005,1000,2,2,1,0,0,1,697.384222920178
AIW-N,oracle_lambda_oracle_L,1000,0.005,1000,2,2,1,0,0,1,533.667823037382
AIW-N,selected_lambda_oracle_L,1000,0.005,1000,2,2,1,0,0,1,697.384222920178
collapsed-R,actual_selection,1000,0.005,1000,2,2,1,0,0,1,695.684762066077
collapsed-R,oracle_lambda,1000,0.005,1000,2,2,1,0,0,1,470.706860156032
AIW-N,actual_selection,100,2e-04,20,2,2,1,0,0,1,84.9211750768128
AIW-N,oracle_lambda_oracle_L,100,2e-04,20,2,2,1,0,0,1,10.3627608380493
AIW-N,selected_lambda_oracle_L,100,2e-04,20,2,2,1,0,0,1,105.832648822403
collapsed-R,actual_selection,100,2e-04,20,2,2,1,0,0,1,282.652989107644
collapsed-R,oracle_lambda,100,2e-04,20,2,2,1,0,0,1,5.73429567120157
AIW-N,actual_selection,100,0.001,20,2,2,1,0,0,1,20.7752585500271
AIW-N,oracle_lambda_oracle_L,100,0.001,20,2,2,1,0,0,1,9.83223830397517
AIW-N,selected_lambda_oracle_L,100,0.001,20,2,2,1,0,0,1,24.5115875019263
collapsed-R,actual_selection,100,0.001,20,2,2,1,0,0,1,17.9987757837548
collapsed-R,oracle_lambda,100,0.001,20,2,2,1,0,0,1,4.02313002589445
AIW-N,actual_selection,100,0.005,20,2,2,1,0,0,1,18.4823997812164
AIW-N,oracle_lambda_oracle_L,100,0.005,20,2,2,1,0,0,1,9.86620804940741
AIW-N,selected_lambda_oracle_L,100,0.005,20,2,2,1,0,0,1,22.4249685648376
collapsed-R,actual_selection,100,0.005,20,2,2,1,0,0,1,12.2422217613453
collapsed-R,oracle_lambda,100,0.005,20,2,2,1,0,0,1,1.19902888803116
AIW-N,actual_selection,100,2e-04,50,2,2,1,0,0,1,45.1745205870054
AIW-N,oracle_lambda_oracle_L,100,2e-04,50,2,2,1,0,0,1,21.6185653391541
AIW-N,selected_lambda_oracle_L,100,2e-04,50,2,2,1,0,0,1,27.1992865465182
collapsed-R,actual_selection,100,2e-04,50,2,2,1,0,0,1,17.1900792785749
collapsed-R,oracle_lambda,100,2e-04,50,2,2,1,0,0,1,12.3628475116543
AIW-N,actual_selection,100,0.001,50,2,2,1,0,0,1,19.9513064512963
AIW-N,oracle_lambda_oracle_L,100,0.001,50,2,2,1,0,0,1,25.6100992748907
AIW-N,selected_lambda_oracle_L,100,0.001,50,2,2,1,0,0,1,25.6100992748907
collapsed-R,actual_selection,100,0.001,50,2,2,1,0,0,1,16.9417332951958
collapsed-R,oracle_lambda,100,0.001,50,2,2,1,0,0,1,16.9417332951958
AIW-N,actual_selection,100,0.005,50,2,2,1,0,0,1,22.2380736570274
AIW-N,oracle_lambda_oracle_L,100,0.005,50,2,2,1,0,0,1,27.0157611455404
AIW-N,selected_lambda_oracle_L,100,0.005,50,2,2,1,0,0,1,30.2097591869791
collapsed-R,actual_selection,100,0.005,50,2,2,1,0,0,1,15.9955940845757
collapsed-R,oracle_lambda,100,0.005,50,2,2,1,0,0,1,3.81815575807275
AIW-N,actual_selection,100,2e-04,100,2,1,0.5,0.5,0,1,28.1556961933885
AIW-N,oracle_lambda_oracle_L,100,2e-04,100,2,2,1,0,0,1,32.3794599592437
AIW-N,selected_lambda_oracle_L,100,2e-04,100,2,2,1,0,0,1,115.910703310399
collapsed-R,actual_selection,100,2e-04,100,2,2,1,0,0,1,100.541579051778
collapsed-R,oracle_lambda,100,2e-04,100,2,2,1,0,0,1,25.1237935355191
AIW-N,actual_selection,100,0.001,100,2,2,1,0,0,1,73.5158189488704
AIW-N,oracle_lambda_oracle_L,100,0.001,100,2,2,1,0,0,1,35.4385068607331
AIW-N,selected_lambda_oracle_L,100,0.001,100,2,2,1,0,0,1,82.2376395581216
collapsed-R,actual_selection,100,0.001,100,2,2,1,0,0,1,68.5043967819535
collapsed-R,oracle_lambda,100,0.001,100,2,2,1,0,0,1,23.6158934642943
AIW-N,actual_selection,100,0.005,100,2,2,1,0,0,1,63.7229119357815
AIW-N,oracle_lambda_oracle_L,100,0.005,100,2,2,1,0,0,1,35.3364842533172
AIW-N,selected_lambda_oracle_L,100,0.005,100,2,2,1,0,0,1,66.4281528349735
collapsed-R,actual_selection,100,0.005,100,2,2,1,0,0,1,37.6384291523998
collapsed-R,oracle_lambda,100,0.005,100,2,2,1,0,0,1,13.3244782514996
AIW-N,actual_selection,100,2e-04,200,2,1,0.5,0.5,0,1,257.502304308302
AIW-N,oracle_lambda_oracle_L,100,2e-04,200,2,1,0.5,0.5,0,1,202.243238518149
AIW-N,selected_lambda_oracle_L,100,2e-04,200,2,1,0.5,0.5,0,1,202.243238518149
collapsed-R,actual_selection,100,2e-04,200,2,2,1,0,0,1,500090.291100731
collapsed-R,oracle_lambda,100,2e-04,200,2,2,1,0,0,1,500090.291100731
AIW-N,actual_selection,100,0.001,200,2,2,1,0,0,1,174.122973395747
AIW-N,oracle_lambda_oracle_L,100,0.001,200,2,2,1,0,0,1,147.525761134781
AIW-N,selected_lambda_oracle_L,100,0.001,200,2,2,1,0,0,1,147.525761134781
collapsed-R,actual_selection,100,0.001,200,2,2,1,0,0,1,150.222886272112
collapsed-R,oracle_lambda,100,0.001,200,2,2,1,0,0,1,108.123827810381
AIW-N,actual_selection,100,0.005,200,2,2,1,0,0,1,128.946927102871
AIW-N,oracle_lambda_oracle_L,100,0.005,200,2,2,1,0,0,1,128.946927102871
AIW-N,selected_lambda_oracle_L,100,0.005,200,2,2,1,0,0,1,128.946927102871
collapsed-R,actual_selection,100,0.005,200,2,2,1,0,0,1,89.4659664915816
collapsed-R,oracle_lambda,100,0.005,200,2,2,1,0,0,1,89.4659664915816
AIW-N,actual_selection,100,2e-04,500,2,1,0.5,0.5,0,1,97.3066453877752
AIW-N,oracle_lambda_oracle_L,100,2e-04,500,2,2,1,0,0,1,80.6713530739163
AIW-N,selected_lambda_oracle_L,100,2e-04,500,2,2,1,0,0,1,258.644784618545
collapsed-R,actual_selection,100,2e-04,500,2,2,1,0,0,1,233.102982832522
collapsed-R,oracle_lambda,100,2e-04,500,2,2,1,0,0,1,80.0587237732752
AIW-N,actual_selection,100,0.001,500,2,2,1,0,0,1,332.001822987448
AIW-N,oracle_lambda_oracle_L,100,0.001,500,2,2,1,0,0,1,159.49943650228
AIW-N,selected_lambda_oracle_L,100,0.001,500,2,2,1,0,0,1,235.010927473575
collapsed-R,actual_selection,100,0.001,500,2,2,1,0,0,1,184.013925319323
collapsed-R,oracle_lambda,100,0.001,500,2,2,1,0,0,1,127.107309928654
AIW-N,actual_selection,100,0.005,500,2,2,1,0,0,1,240.983538152274
AIW-N,oracle_lambda_oracle_L,100,0.005,500,2,2,1,0,0,1,168.622733187386
AIW-N,selected_lambda_oracle_L,100,0.005,500,2,2,1,0,0,1,240.582040967242
collapsed-R,actual_selection,100,0.005,500,2,2,1,0,0,1,164.898378388492
collapsed-R,oracle_lambda,100,0.005,500,2,2,1,0,0,1,121.361611773708
AIW-N,actual_selection,100,2e-04,1000,2,2,1,0,0,1,177.067485595612
AIW-N,oracle_lambda_oracle_L,100,2e-04,1000,2,2,1,0,0,1,186.061024615075
AIW-N,selected_lambda_oracle_L,100,2e-04,1000,2,2,1,0,0,1,186.061024615075
collapsed-R,actual_selection,100,2e-04,1000,2,2,1,0,0,1,500109.800812042
collapsed-R,oracle_lambda,100,2e-04,1000,2,2,1,0,0,1,173.264496116927
AIW-N,actual_selection,100,0.001,1000,2,2,1,0,0,1,344.97776466782
AIW-N,oracle_lambda_oracle_L,100,0.001,1000,2,2,1,0,0,1,279.720826333816
AIW-N,selected_lambda_oracle_L,100,0.001,1000,2,2,1,0,0,1,357.942792586428
collapsed-R,actual_selection,100,0.001,1000,2,2,1,0,0,1,462.471427920783
collapsed-R,oracle_lambda,100,0.001,1000,2,2,1,0,0,1,204.363394549304
AIW-N,actual_selection,100,0.005,1000,2,2,1,0,0,1,700.407219515429
AIW-N,oracle_lambda_oracle_L,100,0.005,1000,2,2,1,0,0,1,341.749803231363
AIW-N,selected_lambda_oracle_L,100,0.005,1000,2,2,1,0,0,1,557.746795409413
collapsed-R,actual_selection,100,0.005,1000,2,2,1,0,0,1,698.560943361068
collapsed-R,oracle_lambda,100,0.005,1000,2,2,1,0,0,1,212.323875117756
AIW-N,actual_selection,2000,2e-04,20,2,2,1,0,0,1,14.9567351945684
AIW-N,oracle_lambda_oracle_L,2000,2e-04,20,2,2,1,0,0,1,5.69081739820725
AIW-N,selected_lambda_oracle_L,2000,2e-04,20,2,2,1,0,0,1,26.1833205230093
collapsed-R,actual_selection,2000,2e-04,20,2,2,1,0,0,1,15.2017695252735
collapsed-R,oracle_lambda,2000,2e-04,20,2,2,1,0,0,1,1.16532428810349
AIW-N,actual_selection,2000,0.001,20,2,2,1,0,0,1,16.4860420786478
AIW-N,oracle_lambda_oracle_L,2000,0.001,20,2,2,1,0,0,1,6.25318085692443
AIW-N,selected_lambda_oracle_L,2000,0.001,20,2,2,1,0,0,1,23.8590841217358
collapsed-R,actual_selection,2000,0.001,20,2,2,1,0,0,1,9.98038138325511
collapsed-R,oracle_lambda,2000,0.001,20,2,2,1,0,0,1,1
AIW-N,actual_selection,2000,0.005,20,2,2,1,0,0,1,19.1095530167961
AIW-N,oracle_lambda_oracle_L,2000,0.005,20,2,2,1,0,0,1,6.69012684415482
AIW-N,selected_lambda_oracle_L,2000,0.005,20,2,2,1,0,0,1,27.0101156649489
collapsed-R,actual_selection,2000,0.005,20,2,2,1,0,0,1,2.3157087740551
collapsed-R,oracle_lambda,2000,0.005,20,2,2,1,0,0,1,1
AIW-N,actual_selection,2000,2e-04,50,2,2,1,0,0,1,80.4586644976046
AIW-N,oracle_lambda_oracle_L,2000,2e-04,50,2,2,1,0,0,1,16.0423404811463
AIW-N,selected_lambda_oracle_L,2000,2e-04,50,2,2,1,0,0,1,59.0546437759692
collapsed-R,actual_selection,2000,2e-04,50,2,2,1,0,0,1,41.8279796465934
collapsed-R,oracle_lambda,2000,2e-04,50,2,2,1,0,0,1,5.45302598486842
AIW-N,actual_selection,2000,0.001,50,2,2,1,0,0,1,37.4877720126313
AIW-N,oracle_lambda_oracle_L,2000,0.001,50,2,2,1,0,0,1,19.7861163340685
AIW-N,selected_lambda_oracle_L,2000,0.001,50,2,2,1,0,0,1,49.9521126402886
collapsed-R,actual_selection,2000,0.001,50,2,2,1,0,0,1,28.8347328471768
collapsed-R,oracle_lambda,2000,0.001,50,2,2,1,0,0,1,7.72682673681533
AIW-N,actual_selection,2000,0.005,50,2,2,1,0,0,1,38.3676852580671
AIW-N,oracle_lambda_oracle_L,2000,0.005,50,2,2,1,0,0,1,20.9032179623357
AIW-N,selected_lambda_oracle_L,2000,0.005,50,2,2,1,0,0,1,48.2624094179412
collapsed-R,actual_selection,2000,0.005,50,2,2,1,0,0,1,5.86027738542564
collapsed-R,oracle_lambda,2000,0.005,50,2,2,1,0,0,1,1.52079616241742
AIW-N,actual_selection,2000,2e-04,100,2,2,1,0,0,1,62.5274177046229
AIW-N,oracle_lambda_oracle_L,2000,2e-04,100,2,2,1,0,0,1,31.6380233410051
AIW-N,selected_lambda_oracle_L,2000,2e-04,100,2,2,1,0,0,1,69.3176902660228
collapsed-R,actual_selection,2000,2e-04,100,2,2,1,0,0,1,50.4382231548205
collapsed-R,oracle_lambda,2000,2e-04,100,2,2,1,0,0,1,18.5318730688231
AIW-N,actual_selection,2000,0.001,100,2,2,1,0,0,1,62.0780447961815
AIW-N,oracle_lambda_oracle_L,2000,0.001,100,2,2,1,0,0,1,35.4367136813289
AIW-N,selected_lambda_oracle_L,2000,0.001,100,2,2,1,0,0,1,75.4112622865364
collapsed-R,actual_selection,2000,0.001,100,2,2,1,0,0,1,53.9648911585309
collapsed-R,oracle_lambda,2000,0.001,100,2,2,1,0,0,1,19.5126251358435
AIW-N,actual_selection,2000,0.005,100,2,2,1,0,0,1,58.5712345161022
AIW-N,oracle_lambda_oracle_L,2000,0.005,100,2,2,1,0,0,1,36.8935378905362
AIW-N,selected_lambda_oracle_L,2000,0.005,100,2,2,1,0,0,1,69.8278157360445
collapsed-R,actual_selection,2000,0.005,100,2,2,1,0,0,1,12.4528554720053
collapsed-R,oracle_lambda,2000,0.005,100,2,2,1,0,0,1,4.46090984486158
AIW-N,actual_selection,2000,2e-04,200,2,2,1,0,0,1,476.75969197652
AIW-N,oracle_lambda_oracle_L,2000,2e-04,200,2,2,1,0,0,1,74.2693101621192
AIW-N,selected_lambda_oracle_L,2000,2e-04,200,2,2,1,0,0,1,173.952022956458
collapsed-R,actual_selection,2000,2e-04,200,2,2,1,0,0,1,148.410055695813
collapsed-R,oracle_lambda,2000,2e-04,200,2,2,1,0,0,1,53.7150390154674
AIW-N,actual_selection,2000,0.001,200,2,2,1,0,0,1,208.302909924166
AIW-N,oracle_lambda_oracle_L,2000,0.001,200,2,2,1,0,0,1,93.0486163021909
AIW-N,selected_lambda_oracle_L,2000,0.001,200,2,2,1,0,0,1,167.068937826707
collapsed-R,actual_selection,2000,0.001,200,2,2,1,0,0,1,136.731198948771
collapsed-R,oracle_lambda,2000,0.001,200,2,2,1,0,0,1,68.5793581043616
AIW-N,actual_selection,2000,0.005,200,2,2,1,0,0,1,141.707899449868
AIW-N,oracle_lambda_oracle_L,2000,0.005,200,2,2,1,0,0,1,99.9104721296516
AIW-N,selected_lambda_oracle_L,2000,0.005,200,2,2,1,0,0,1,152.916761280572
collapsed-R,actual_selection,2000,0.005,200,2,2,1,0,0,1,107.495288722675
collapsed-R,oracle_lambda,2000,0.005,200,2,2,1,0,0,1,20.689669549585
AIW-N,actual_selection,2000,2e-04,500,2,2,1,0,0,1,218.917458152093
AIW-N,oracle_lambda_oracle_L,2000,2e-04,500,2,2,1,0,0,1,154.15674680015
AIW-N,selected_lambda_oracle_L,2000,2e-04,500,2,2,1,0,0,1,154.15674680015
collapsed-R,actual_selection,2000,2e-04,500,2,2,1,0,0,1,137.118336477015
collapsed-R,oracle_lambda,2000,2e-04,500,2,2,1,0,0,1,137.118336477015
AIW-N,actual_selection,2000,0.001,500,2,2,1,0,0,1,623.173953078065
AIW-N,oracle_lambda_oracle_L,2000,0.001,500,2,2,1,0,0,1,209.506041178651
AIW-N,selected_lambda_oracle_L,2000,0.001,500,2,2,1,0,0,1,499.806755359971
collapsed-R,actual_selection,2000,0.001,500,2,2,1,0,0,1,495.088450404592
collapsed-R,oracle_lambda,2000,0.001,500,2,2,1,0,0,1,170.238461846604
AIW-N,actual_selection,2000,0.005,500,2,2,1,0,0,1,360.511506616255
AIW-N,oracle_lambda_oracle_L,2000,0.005,500,2,2,1,0,0,1,225.169581400962
AIW-N,selected_lambda_oracle_L,2000,0.005,500,2,2,1,0,0,1,360.511506616255
collapsed-R,actual_selection,2000,0.005,500,2,2,1,0,0,1,284.443549423035
collapsed-R,oracle_lambda,2000,0.005,500,2,2,1,0,0,1,171.408334065096
AIW-N,actual_selection,2000,2e-04,1000,2,2,1,0,0,1,407.959511159909
AIW-N,oracle_lambda_oracle_L,2000,2e-04,1000,2,2,1,0,0,1,237.879191765664
AIW-N,selected_lambda_oracle_L,2000,2e-04,1000,2,2,1,0,0,1,237.879191765664
collapsed-R,actual_selection,2000,2e-04,1000,2,2,1,0,0,1,209.646350406176
collapsed-R,oracle_lambda,2000,2e-04,1000,2,2,1,0,0,1,209.646350406176
AIW-N,actual_selection,2000,0.001,1000,2,2,1,0,0,1,506.199775545178
AIW-N,oracle_lambda_oracle_L,2000,0.001,1000,2,2,1,0,0,1,403.722661843964
AIW-N,selected_lambda_oracle_L,2000,0.001,1000,2,2,1,0,0,1,403.722661843964
collapsed-R,actual_selection,2000,0.001,1000,2,2,1,0,0,1,384.061339203163
collapsed-R,oracle_lambda,2000,0.001,1000,2,2,1,0,0,1,384.061339203163
AIW-N,actual_selection,2000,0.005,1000,2,2,1,0,0,1,993.358898063471
AIW-N,oracle_lambda_oracle_L,2000,0.005,1000,2,2,1,0,0,1,547.139325132031
AIW-N,selected_lambda_oracle_L,2000,0.005,1000,2,2,1,0,0,1,993.358898063471
collapsed-R,actual_selection,2000,0.005,1000,2,2,1,0,0,1,992.248724599691
collapsed-R,oracle_lambda,2000,0.005,1000,2,2,1,0,0,1,496.38218043573
AIW-N,actual_selection,250,2e-04,20,2,2,1,0,0,1,29.718812457261
AIW-N,oracle_lambda_oracle_L,250,2e-04,20,2,2,1,0,0,1,12.2025019568125
AIW-N,selected_lambda_oracle_L,250,2e-04,20,2,2,1,0,0,1,24.8792386047994
collapsed-R,actual_selection,250,2e-04,20,2,2,1,0,0,1,15.3068605106026
collapsed-R,oracle_lambda,250,2e-04,20,2,2,1,0,0,1,4.67913943188293
AIW-N,actual_selection,250,0.001,20,2,2,1,0,0,1,13.7306241978555
AIW-N,oracle_lambda_oracle_L,250,0.001,20,2,2,1,0,0,1,15.0483335373488
AIW-N,selected_lambda_oracle_L,250,0.001,20,2,2,1,0,0,1,20.8220198864615
collapsed-R,actual_selection,250,0.001,20,2,2,1,0,0,1,11.5655005218749
collapsed-R,oracle_lambda,250,0.001,20,2,2,1,0,0,1,5.67329740806246
AIW-N,actual_selection,250,0.005,20,2,2,1,0,0,1,14.9353810890676
AIW-N,oracle_lambda_oracle_L,250,0.005,20,2,2,1,0,0,1,16.1637927890907
AIW-N,selected_lambda_oracle_L,250,0.005,20,2,2,1,0,0,1,18.4062564119507
collapsed-R,actual_selection,250,0.005,20,2,2,1,0,0,1,1.94173241890625
collapsed-R,oracle_lambda,250,0.005,20,2,2,1,0,0,1,1.62816132829469
AIW-N,actual_selection,250,2e-04,50,2,2,1,0,0,1,102.241828906251
AIW-N,oracle_lambda_oracle_L,250,2e-04,50,2,2,1,0,0,1,28.4331575041066
AIW-N,selected_lambda_oracle_L,250,2e-04,50,2,2,1,0,0,1,75.552108783713
collapsed-R,actual_selection,250,2e-04,50,2,2,1,0,0,1,44.0121236769119
collapsed-R,oracle_lambda,250,2e-04,50,2,2,1,0,0,1,17.2131387550676
AIW-N,actual_selection,250,0.001,50,2,2,1,0,0,1,37.8984962258969
AIW-N,oracle_lambda_oracle_L,250,0.001,50,2,2,1,0,0,1,33.1035579441077
AIW-N,selected_lambda_oracle_L,250,0.001,50,2,2,1,0,0,1,53.2741820968877
collapsed-R,actual_selection,250,0.001,50,2,2,1,0,0,1,36.2919694536658
collapsed-R,oracle_lambda,250,0.001,50,2,2,1,0,0,1,18.9704746366274
AIW-N,actual_selection,250,0.005,50,2,2,1,0,0,1,37.6056098459955
AIW-N,oracle_lambda_oracle_L,250,0.005,50,2,2,1,0,0,1,36.0109686537488
AIW-N,selected_lambda_oracle_L,250,0.005,50,2,2,1,0,0,1,53.143184504883
collapsed-R,actual_selection,250,0.005,50,2,2,1,0,0,1,20.8595566560032
collapsed-R,oracle_lambda,250,0.005,50,2,2,1,0,0,1,3.00611547891125
AIW-N,actual_selection,250,2e-04,100,2,2,1,0,0,1,292.251794407995
AIW-N,oracle_lambda_oracle_L,250,2e-04,100,2,2,1,0,0,1,59.1625531873399
AIW-N,selected_lambda_oracle_L,250,2e-04,100,2,2,1,0,0,1,165.269847480493
collapsed-R,actual_selection,250,2e-04,100,2,2,1,0,0,1,146.671072439541
collapsed-R,oracle_lambda,250,2e-04,100,2,2,1,0,0,1,36.0245527596835
AIW-N,actual_selection,250,0.001,100,2,2,1,0,0,1,79.5603656279751
AIW-N,oracle_lambda_oracle_L,250,0.001,100,2,2,1,0,0,1,44.3203455073939
AIW-N,selected_lambda_oracle_L,250,0.001,100,2,2,1,0,0,1,84.9113085141597
collapsed-R,actual_selection,250,0.001,100,2,2,1,0,0,1,57.8287514037037
collapsed-R,oracle_lambda,250,0.001,100,2,2,1,0,0,1,33.1637104148458
AIW-N,actual_selection,250,0.005,100,2,2,1,0,0,1,76.9328205781683
AIW-N,oracle_lambda_oracle_L,250,0.005,100,2,2,1,0,0,1,42.3620294626237
AIW-N,selected_lambda_oracle_L,250,0.005,100,2,2,1,0,0,1,82.7418548946939
collapsed-R,actual_selection,250,0.005,100,2,2,1,0,0,1,56.083449297147
collapsed-R,oracle_lambda,250,0.005,100,2,2,1,0,0,1,6.0734591354706
AIW-N,actual_selection,250,2e-04,200,2,2,1,0,0,1,408.540981435062
AIW-N,oracle_lambda_oracle_L,250,2e-04,200,2,2,1,0,0,1,144.196192780714
AIW-N,selected_lambda_oracle_L,250,2e-04,200,2,2,1,0,0,1,459.361258557721
collapsed-R,actual_selection,250,2e-04,200,2,2,1,0,0,1,1569.17975759143
collapsed-R,oracle_lambda,250,2e-04,200,2,2,1,0,0,1,138.124072499114
AIW-N,actual_selection,250,0.001,200,2,2,1,0,0,1,235.262833356514
AIW-N,oracle_lambda_oracle_L,250,0.001,200,2,2,1,0,0,1,87.2799491484191
AIW-N,selected_lambda_oracle_L,250,0.001,200,2,2,1,0,0,1,198.131806671354
collapsed-R,actual_selection,250,0.001,200,2,2,1,0,0,1,166.655633699056
collapsed-R,oracle_lambda,250,0.001,200,2,2,1,0,0,1,70.875756052869
AIW-N,actual_selection,250,0.005,200,2,2,1,0,0,1,147.07813802215
AIW-N,oracle_lambda_oracle_L,250,0.005,200,2,2,1,0,0,1,78.6517435546012
AIW-N,selected_lambda_oracle_L,250,0.005,200,2,2,1,0,0,1,157.281823414608
collapsed-R,actual_selection,250,0.005,200,2,2,1,0,0,1,109.482576524759
collapsed-R,oracle_lambda,250,0.005,200,2,2,1,0,0,1,58.4890178268803
AIW-N,actual_selection,250,2e-04,500,2,0,0,1,0,1,
AIW-N,oracle_lambda_oracle_L,250,2e-04,500,2,0,0,1,0,1,
AIW-N,selected_lambda_oracle_L,250,2e-04,500,2,0,0,1,0,1,
collapsed-R,actual_selection,250,2e-04,500,2,2,1,0,0,1,1e+06
collapsed-R,oracle_lambda,250,2e-04,500,2,2,1,0,0,1,1e+06
AIW-N,actual_selection,250,0.001,500,2,2,1,0,0,1,11772.5850444045
AIW-N,oracle_lambda_oracle_L,250,0.001,500,2,2,1,0,0,1,627.715105688871
AIW-N,selected_lambda_oracle_L,250,0.001,500,2,2,1,0,0,1,2299.37131881548
collapsed-R,actual_selection,250,0.001,500,2,2,1,0,0,1,3110.76471800094
collapsed-R,oracle_lambda,250,0.001,500,2,2,1,0,0,1,655.424857999822
AIW-N,actual_selection,250,0.005,500,2,2,1,0,0,1,581.884041882858
AIW-N,oracle_lambda_oracle_L,250,0.005,500,2,2,1,0,0,1,398.428631649598
AIW-N,selected_lambda_oracle_L,250,0.005,500,2,2,1,0,0,1,581.884041882858
collapsed-R,actual_selection,250,0.005,500,2,2,1,0,0,1,583.196072502825
collapsed-R,oracle_lambda,250,0.005,500,2,2,1,0,0,1,397.90747006496
AIW-N,actual_selection,250,2e-04,1000,2,1,0.5,0.5,0,1,646.792440141345
AIW-N,oracle_lambda_oracle_L,250,2e-04,1000,2,2,1,0,0,1,628.922839867224
AIW-N,selected_lambda_oracle_L,250,2e-04,1000,2,1,0.5,0.5,0,1,794.169168780386
collapsed-R,actual_selection,250,2e-04,1000,2,2,1,0,0,1,501575.142038495
collapsed-R,oracle_lambda,250,2e-04,1000,2,2,1,0,0,1,1790.60340245064
AIW-N,actual_selection,250,0.001,1000,2,2,1,0,0,1,1341.92091270163
AIW-N,oracle_lambda_oracle_L,250,0.001,1000,2,2,1,0,0,1,553.311286674401
AIW-N,selected_lambda_oracle_L,250,0.001,1000,2,2,1,0,0,1,1031.62550118664
collapsed-R,actual_selection,250,0.001,1000,2,2,1,0,0,1,1101.36752055631
collapsed-R,oracle_lambda,250,0.001,1000,2,2,1,0,0,1,532.465603697528
AIW-N,actual_selection,250,0.005,1000,2,2,1,0,0,1,931.073903268149
AIW-N,oracle_lambda_oracle_L,250,0.005,1000,2,2,1,0,0,1,553.321160178688
AIW-N,selected_lambda_oracle_L,250,0.005,1000,2,2,1,0,0,1,668.55133865837
collapsed-R,actual_selection,250,0.005,1000,2,2,1,0,0,1,671.851946164775
collapsed-R,oracle_lambda,250,0.005,1000,2,2,1,0,0,1,553.717660682513
AIW-N,actual_selection,500,2e-04,20,2,2,1,0,0,1,35.3612190912343
AIW-N,oracle_lambda_oracle_L,500,2e-04,20,2,2,1,0,0,1,9.92333077135351
AIW-N,selected_lambda_oracle_L,500,2e-04,20,2,2,1,0,0,1,24.7241330749715
collapsed-R,actual_selection,500,2e-04,20,2,2,1,0,0,1,13.5040444150277
collapsed-R,oracle_lambda,500,2e-04,20,2,2,1,0,0,1,2.72737328195656
AIW-N,actual_selection,500,0.001,20,2,2,1,0,0,1,11.0017305962577
AIW-N,oracle_lambda_oracle_L,500,0.001,20,2,2,1,0,0,1,9.18828578376068
AIW-N,selected_lambda_oracle_L,500,0.001,20,2,2,1,0,0,1,15.1810923059371
collapsed-R,actual_selection,500,0.001,20,2,2,1,0,0,1,5.1097982415196
collapsed-R,oracle_lambda,500,0.001,20,2,2,1,0,0,1,2.09981893196978
AIW-N,actual_selection,500,0.005,20,2,2,1,0,0,1,10.5001017525386
AIW-N,oracle_lambda_oracle_L,500,0.005,20,2,2,1,0,0,1,8.75881594209599
AIW-N,selected_lambda_oracle_L,500,0.005,20,2,2,1,0,0,1,13.9620917021821
collapsed-R,actual_selection,500,0.005,20,2,2,1,0,0,1,1.50733116208021
collapsed-R,oracle_lambda,500,0.005,20,2,2,1,0,0,1,1.08098592444509
AIW-N,actual_selection,500,2e-04,50,2,2,1,0,0,1,45.8171084320977
AIW-N,oracle_lambda_oracle_L,500,2e-04,50,2,2,1,0,0,1,27.4752125358722
AIW-N,selected_lambda_oracle_L,500,2e-04,50,2,2,1,0,0,1,45.5006729845564
collapsed-R,actual_selection,500,2e-04,50,2,2,1,0,0,1,30.7510399437474
collapsed-R,oracle_lambda,500,2e-04,50,2,2,1,0,0,1,15.8189254542771
AIW-N,actual_selection,500,0.001,50,2,2,1,0,0,1,35.3240917361538
AIW-N,oracle_lambda_oracle_L,500,0.001,50,2,2,1,0,0,1,24.3655838999266
AIW-N,selected_lambda_oracle_L,500,0.001,50,2,2,1,0,0,1,51.2895377038686
collapsed-R,actual_selection,500,0.001,50,2,2,1,0,0,1,37.813954791626
collapsed-R,oracle_lambda,500,0.001,50,2,2,1,0,0,1,13.4087758545803
AIW-N,actual_selection,500,0.005,50,2,2,1,0,0,1,34.9965508085349
AIW-N,oracle_lambda_oracle_L,500,0.005,50,2,2,1,0,0,1,23.0206384853469
AIW-N,selected_lambda_oracle_L,500,0.005,50,2,2,1,0,0,1,42.222546092901
collapsed-R,actual_selection,500,0.005,50,2,2,1,0,0,1,20.8520053348023
collapsed-R,oracle_lambda,500,0.005,50,2,2,1,0,0,1,2.39917387394477
AIW-N,actual_selection,500,2e-04,100,2,2,1,0,0,1,94.1626729441288
AIW-N,oracle_lambda_oracle_L,500,2e-04,100,2,2,1,0,0,1,47.2571781413342
AIW-N,selected_lambda_oracle_L,500,2e-04,100,2,2,1,0,0,1,61.7907226930644
collapsed-R,actual_selection,500,2e-04,100,2,2,1,0,0,1,42.0979118050139
collapsed-R,oracle_lambda,500,2e-04,100,2,2,1,0,0,1,28.5918116168056
AIW-N,actual_selection,500,0.001,100,2,2,1,0,0,1,69.7218603168028
AIW-N,oracle_lambda_oracle_L,500,0.001,100,2,2,1,0,0,1,52.8903974412957
AIW-N,selected_lambda_oracle_L,500,0.001,100,2,2,1,0,0,1,90.4449288066489
collapsed-R,actual_selection,500,0.001,100,2,2,1,0,0,1,59.5986369467668
collapsed-R,oracle_lambda,500,0.001,100,2,2,1,0,0,1,36.9373850678613
AIW-N,actual_selection,500,0.005,100,2,2,1,0,0,1,62.5601595205495
AIW-N,oracle_lambda_oracle_L,500,0.005,100,2,2,1,0,0,1,51.1835731672795
AIW-N,selected_lambda_oracle_L,500,0.005,100,2,2,1,0,0,1,80.5690192079402
collapsed-R,actual_selection,500,0.005,100,2,2,1,0,0,1,63.8842614131749
collapsed-R,oracle_lambda,500,0.005,100,2,2,1,0,0,1,6.35379367232437
AIW-N,actual_selection,500,2e-04,200,2,2,1,0,0,1,167.695732220545
AIW-N,oracle_lambda_oracle_L,500,2e-04,200,2,2,1,0,0,1,92.4145593363064
AIW-N,selected_lambda_oracle_L,500,2e-04,200,2,2,1,0,0,1,109.263775771949
collapsed-R,actual_selection,500,2e-04,200,2,2,1,0,0,1,95.141855770975
collapsed-R,oracle_lambda,500,2e-04,200,2,2,1,0,0,1,81.760998272937
AIW-N,actual_selection,500,0.001,200,2,2,1,0,0,1,87.9160377745293
AIW-N,oracle_lambda_oracle_L,500,0.001,200,2,2,1,0,0,1,76.9529034699363
AIW-N,selected_lambda_oracle_L,500,0.001,200,2,2,1,0,0,1,109.33305683728
collapsed-R,actual_selection,500,0.001,200,2,2,1,0,0,1,86.5677572268249
collapsed-R,oracle_lambda,500,0.001,200,2,2,1,0,0,1,58.5561705557183
AIW-N,actual_selection,500,0.005,200,2,2,1,0,0,1,143.071235375991
AIW-N,oracle_lambda_oracle_L,500,0.005,200,2,2,1,0,0,1,81.747146921182
AIW-N,selected_lambda_oracle_L,500,0.005,200,2,2,1,0,0,1,143.071235375991
collapsed-R,actual_selection,500,0.005,200,2,2,1,0,0,1,100.096265406879
collapsed-R,oracle_lambda,500,0.005,200,2,2,1,0,0,1,58.7631873779967
AIW-N,actual_selection,500,2e-04,500,2,1,0.5,0.5,0,1,266.043705365868
AIW-N,oracle_lambda_oracle_L,500,2e-04,500,2,2,1,0,0,1,229.684263535029
AIW-N,selected_lambda_oracle_L,500,2e-04,500,2,1,0.5,0.5,0,1,266.043705365868
collapsed-R,actual_selection,500,2e-04,500,2,2,1,0,0,1,500276.676376834
collapsed-R,oracle_lambda,500,2e-04,500,2,2,1,0,0,1,360.40935099314
AIW-N,actual_selection,500,0.001,500,2,2,1,0,0,1,393.482613188134
AIW-N,oracle_lambda_oracle_L,500,0.001,500,2,2,1,0,0,1,267.048943430963
AIW-N,selected_lambda_oracle_L,500,0.001,500,2,2,1,0,0,1,365.391454378958
collapsed-R,actual_selection,500,0.001,500,2,2,1,0,0,1,340.686467525192
collapsed-R,oracle_lambda,500,0.001,500,2,2,1,0,0,1,251.767790978271
AIW-N,actual_selection,500,0.005,500,2,2,1,0,0,1,457.796579338833
AIW-N,oracle_lambda_oracle_L,500,0.005,500,2,2,1,0,0,1,283.38734606065
AIW-N,selected_lambda_oracle_L,500,0.005,500,2,2,1,0,0,1,423.503824628866
collapsed-R,actual_selection,500,0.005,500,2,2,1,0,0,1,558.658268971176
collapsed-R,oracle_lambda,500,0.005,500,2,2,1,0,0,1,218.090629765013
AIW-N,actual_selection,500,2e-04,1000,2,2,1,0,0,1,445.994563834502
AIW-N,oracle_lambda_oracle_L,500,2e-04,1000,2,2,1,0,0,1,309.019535335607
AIW-N,selected_lambda_oracle_L,500,2e-04,1000,2,2,1,0,0,1,309.019535335607
collapsed-R,actual_selection,500,2e-04,1000,2,2,1,0,0,1,293.385265384644
collapsed-R,oracle_lambda,500,2e-04,1000,2,2,1,0,0,1,293.385265384644
AIW-N,actual_selection,500,0.001,1000,2,2,1,0,0,1,996.05940984422
AIW-N,oracle_lambda_oracle_L,500,0.001,1000,2,2,1,0,0,1,461.803842865692
AIW-N,selected_lambda_oracle_L,500,0.001,1000,2,2,1,0,0,1,775.577438314857
collapsed-R,actual_selection,500,0.001,1000,2,2,1,0,0,1,432.195746135981
collapsed-R,oracle_lambda,500,0.001,1000,2,2,1,0,0,1,432.195746135981
AIW-N,actual_selection,500,0.005,1000,2,2,1,0,0,1,674.958794630025
AIW-N,oracle_lambda_oracle_L,500,0.005,1000,2,2,1,0,0,1,541.135140156331
AIW-N,selected_lambda_oracle_L,500,0.005,1000,2,2,1,0,0,1,674.958794630025
collapsed-R,actual_selection,500,0.005,1000,2,2,1,0,0,1,675.798409630014
collapsed-R,oracle_lambda,500,0.005,1000,2,2,1,0,0,1,539.947342888408
