"true_lambda","true_eta0","fit_type","fits","median_lambda_hat","lambda_exact_frequency","median_eta0_hat","eta0_q10","eta0_q90","median_log_eta0_error","median_log_lambda_error","eta0_underestimate_frequency","eta0_boundary_frequency","lambda_boundary_frequency","mean_elbo_gain_over_oracle","median_elbo_gain_over_oracle","mean_selected_L","mean_coverage","mean_power","all_causal_covered_frequency","mean_causal_pip","convergence_frequency","median_iterations","median_fit_seconds"
0.001,20,"joint_lambda_eta0",15,0.008,0,10.0917000779082,2.13579509677009,24.0313912365554,-0.684018962013048,2.07944154167984,0.866666666666667,0.133333333333333,0,40.5275494340948,43.5485165746293,0.466666666666667,0.466666666666667,0.233333333333333,0,0.129639081852135,1,109,0.377000000000066
0.001,20,"oracle_lambda",15,0.001,1,2,2,2,-2.30258509299405,0,1,0.933333333333333,0,0,0,0.0666666666666667,0.0666666666666667,0.0333333333333333,0,0.023993148254128,1,120,0.501000000000204
0.001,43,"joint_lambda_eta0",15,0.003,0.0666666666666667,25.7941358099642,15.5818969791904,37.6092399007697,-0.511052943788663,1.09861228866811,1,0,0,20.9693315768055,20.7763081754681,0.8,0.8,0.4,0,0.317344494401421,1,67,0.249000000000024
0.001,43,"oracle_lambda",15,0.001,1,10.9660099525963,2.44477797013548,17.124619382537,-1.36639963112536,0,1,0.133333333333333,0,0,0,0.466666666666667,0.466666666666667,0.233333333333333,0,0.21123974430985,1,107,0.442
0.001,95,"joint_lambda_eta0",15,0.003,0.2,53.4398913799277,35.6841580068758,104.626408784362,-0.575319394935449,1.09861228866811,0.8,0,0,13.0785176766461,13.4740349789658,1.13333333333333,1,0.566666666666667,0.133333333333333,0.410245562894021,1,63,0.243999999999915
0.001,95,"oracle_lambda",15,0.001,1,29.9858977055474,21.4709566772789,41.3222438591251,-1.15314969694072,0,1,0,0,0,0,0.933333333333333,0.933333333333333,0.466666666666667,0,0.307921091152393,1,70,0.286999999999807
0.001,206,"joint_lambda_eta0",15,0.001,0.533333333333333,120.934337899881,87.7033852137552,252.503586107076,-0.532628432471601,0,0.8,0,0,12.4822695920144,0,1.53333333333333,1,0.766666666666667,0.533333333333333,0.49850917404313,1,67,0.225999999999999
0.001,206,"oracle_lambda",15,0.001,1,86.1218653498911,45.7782480180564,116.067749973808,-0.872112836636084,0,1,0,0,0,0,1.13333333333333,1,0.566666666666667,0.133333333333333,0.362697192406057,1,62,0.234999999999999
0.001,447,"joint_lambda_eta0",15,0.003,0.4,381.567354457538,211.346708499653,817.283941589241,-0.158271207814438,1.09861228866811,0.6,0,0,5.16947947019144,2.48163077363597,1.86666666666667,1,0.933333333333333,0.866666666666667,0.775717705177074,1,69,0.236999999999995
0.001,447,"oracle_lambda",15,0.001,1,198.181403964469,117.364653469775,267.177779247933,-0.813375801718532,0,1,0,0,0,0,1.66666666666667,1,0.833333333333333,0.666666666666667,0.646731883539626,1,74,0.284000000000006
0.001,972,"joint_lambda_eta0",15,0.001,0.933333333333333,527.893727536389,426.573031535448,823.417982916196,-0.610460814617753,0,0.933333333333333,0,0,1.02152262567045,0,1.86666666666667,1,0.933333333333333,0.866666666666667,0.689669679952587,1,70,0.288000000000011
0.001,972,"oracle_lambda",15,0.001,1,495.379831823086,405.438209283291,730.405822816614,-0.674030999127944,0,1,0,0,0,0,1.86666666666667,1,0.933333333333333,0.866666666666667,0.691894687345866,1,71,0.250999999999991
0.001,2115,"joint_lambda_eta0",15,0.001,1,1505.02160499031,737.709496971036,3146.47940505372,-0.340247558925154,0,0.666666666666667,0,0,0,0,1.8,1,0.9,0.8,0.762978036352336,1,72,0.302999999999884
0.001,2115,"oracle_lambda",15,0.001,1,1505.02160499031,737.709496971036,3146.47940505372,-0.340247558925154,0,0.666666666666667,0,0,0,0,1.8,1,0.9,0.8,0.762978036352336,1,72,0.302999999999884
0.001,4599,"joint_lambda_eta0",15,0.001,1,1429.23302753523,1111.24191748536,16382.8511052467,-1.16870093255103,0,0.8,0.133333333333333,0,0,0,1.86666666666667,0.966666666666667,0.9,0.8,0.55693367226718,1,63,0.307999999999993
0.001,4599,"oracle_lambda",15,0.001,1,1429.23302753523,1111.24191748536,16382.8511052467,-1.16870093255103,0,0.8,0.133333333333333,0,0,0,1.86666666666667,0.966666666666667,0.9,0.8,0.55693367226718,1,63,0.307999999999993
0.001,10000,"joint_lambda_eta0",15,0.001,1,5702.69085546397,1055.14646007931,20000,-0.561646949642244,0,0.6,0.4,0,0,0,1.86666666666667,1,0.933333333333333,0.866666666666667,0.789599926478841,1,66,0.478999999999985
0.001,10000,"oracle_lambda",15,0.001,1,5702.69085546397,1055.14646007931,20000,-0.561646949642244,0,0.6,0.4,0,0,0,1.86666666666667,1,0.933333333333333,0.866666666666667,0.789599926478841,1,66,0.478999999999985
0.01,20,"joint_lambda_eta0",15,0.015,0.133333333333333,14.2065793525154,2.23745800480195,23.9579310829416,-0.34202708156896,0.405465108108164,0.8,0.133333333333333,0,4.33423677460448,3.60715929331377,0.466666666666667,0.466666666666667,0.233333333333333,0,0.204833744915276,1,105,0.522000000000048
0.01,20,"oracle_lambda",15,0.01,1,2.42428825652275,2,16.3415022902389,-2.11019429470967,0,0.933333333333333,0.2,0,0,0,0.333333333333333,0.333333333333333,0.166666666666667,0,0.108656728635527,1,115,0.511000000000081
0.01,43,"joint_lambda_eta0",15,0.015,0.333333333333333,31.6906383725054,19.5253163159191,50.1371042096998,-0.305178797905036,0.405465108108164,0.8,0,0,1.94974344894382,1.30904243421674,0.8,0.733333333333333,0.4,0.0666666666666667,0.334518400697689,1,61,0.240999999999985
0.01,43,"oracle_lambda",15,0.01,1,23.3034094584586,16.7932071512868,32.1974609036692,-0.612600437137695,0,1,0,0,0,0,0.733333333333333,0.733333333333333,0.366666666666667,0,0.322274965342259,1,67,0.296000000000049
0.01,95,"joint_lambda_eta0",15,0.015,0.466666666666667,77.2793928345728,48.886609089048,102.791533353346,-0.206449558422629,0.405465108108164,0.733333333333333,0,0,0.939697263934553,0.0453632896937961,1.13333333333333,1,0.566666666666667,0.133333333333333,0.439395094727747,1,53,0.242999999999995
0.01,95,"oracle_lambda",15,0.01,1,55.151153152313,38.6696308278141,94.2428960060069,-0.543799236739518,0,0.866666666666667,0,0,0,0,1.13333333333333,1,0.566666666666667,0.133333333333333,0.388260357878967,1,40,0.142999999999972
0.01,206,"joint_lambda_eta0",15,0.01,0.533333333333333,189.634945331689,121.731683194534,313.734710151383,-0.08277528513067,0,0.6,0,0,0.916640285629243,0,1.53333333333333,1,0.766666666666667,0.533333333333333,0.545897024766228,1,23,0.0769999999993161
0.01,206,"oracle_lambda",15,0.01,1,151.981440724051,102.916715894663,219.675568946695,-0.304117755897843,0,0.866666666666667,0,0,0,0,1.46666666666667,1,0.733333333333333,0.466666666666667,0.514776503711101,1,41,0.177000000000135
0.01,447,"joint_lambda_eta0",15,0.01,0.6,376.272861129767,279.476099665935,791.571251000761,-0.17224401991854,0,0.666666666666667,0.0666666666666667,0,0.746214069714915,0,1.93333333333333,1,0.966666666666667,0.933333333333333,0.825002608116548,1,60,0.299000000000035
0.01,447,"oracle_lambda",15,0.01,1,355.528500423158,270.249801330485,467.943056678528,-0.228953178617024,0,0.866666666666667,0,0,0,0,1.86666666666667,1,0.933333333333333,0.866666666666667,0.811627321898089,1,77,0.299000000000035
0.01,972,"joint_lambda_eta0",15,0.01,0.533333333333333,882.973210353334,739.505442871362,15521.5417008483,-0.0960609436674238,0,0.533333333333333,0.133333333333333,0,0.409828739951869,0,1.86666666666667,1,0.933333333333333,0.866666666666667,0.741523291385301,1,67,0.274999999999977
0.01,972,"oracle_lambda",15,0.01,1,882.973210353334,668.723358058844,1358.56046174606,-0.0960609436674238,0,0.533333333333333,0,0,0,0,1.86666666666667,1,0.933333333333333,0.866666666666667,0.744841413625294,1,69,0.283000000000015
0.01,2115,"joint_lambda_eta0",15,0.01,0.866666666666667,2882.79806684334,1042.10198395324,15463.0414133587,0.309706560986687,0,0.333333333333333,0.133333333333333,0,0.0308930343579656,0,1.8,0.966666666666667,0.866666666666667,0.733333333333333,0.809544893669614,1,73,0.532000000000153
0.01,2115,"oracle_lambda",15,0.01,1,2389.24236873568,1122.67360630923,8101.45215198965,0.121921502660886,0,0.4,0.0666666666666667,0,0,0,1.8,0.966666666666667,0.866666666666667,0.733333333333333,0.810716295500253,1,73,0.45799999999997
0.01,4599,"joint_lambda_eta0",15,0.01,0.8,3033.86774817836,1681.68396902617,20000,-0.416000598502951,0,0.533333333333333,0.266666666666667,0,0.12564695540832,0,1.93333333333333,0.966666666666667,0.933333333333333,0.866666666666667,0.614531778049123,1,52,0.546000000000049
0.01,4599,"oracle_lambda",15,0.01,1,2529.48997335046,1638.86654465357,17630.2367529727,-0.59782119770175,0,0.666666666666667,0.133333333333333,0,0,0,1.93333333333333,0.966666666666667,0.933333333333333,0.866666666666667,0.614390638229587,1,52,0.465999999999894
0.01,10000,"joint_lambda_eta0",15,0.01,0.666666666666667,5968.64387683594,1332.62900829775,20000,-0.516065347702325,0,0.6,0.4,0,0.437287099654714,0,1.8,1,0.9,0.8,0.841953946153557,1,63,0.500999999999976
0.01,10000,"oracle_lambda",15,0.01,1,8679.66883163659,1118.31854600349,20000,-0.141601718086893,0,0.533333333333333,0.466666666666667,0,0,0,1.8,1,0.9,0.8,0.844173435997474,1,63,0.500999999999976
